,Symbol,Company Name,Market,Industry Group,Sector,Factsheet (Click to clear sorting)
0,24CS,Twenty-Four Con & Supply Public Company Limited,mai,PROPCON,-,
1,2S,2S METAL PUBLIC COMPANY LIMITED,SET,INDUS,STEEL,
2,3K-BAT,THAI ENERGY STORAGE TECHNOLOGY PUBLIC COMPANY LIMITED,SET,INDUS,AUTO,
3,7UP,SEVEN UTILITIES AND POWER PUBLIC COMPANY LIMITED,SET,RESOURC,ENERG,
4,A,AREEYA PROPERTY PUBLIC COMPANY LIMITED,SET,PROPCON,PROP,
5,A5,ASSET FIVE GROUP PUBLIC COMPANY LIMITED,mai,PROPCON,-,
6,AAI,Asian Alliance International Public Company Limited,SET,AGRO,FOOD,
7,AAV,ASIA AVIATION PUBLIC COMPANY LIMITED,SET,SERVICE,TRANS,
8,ABM,ASIA BIOMASS PUBLIC COMPANY LIMITED,mai,RESOURC,-,
9,ACAP,ASIA CAPITAL GROUP PUBLIC COMPANY LIMITED,mai,FINCIAL,-,
10,ACC,ADVANCED CONNECTION CORPORATION PUBLIC COMPANY LIMITED,SET,RESOURC,ENERG,
11,ACE,ABSOLUTE CLEAN ENERGY PUBLIC COMPANY LIMITED,SET,RESOURC,ENERG,
12,ACG,AUTOCORP HOLDING PUBLIC COMPANY LIMITED,SET,INDUS,AUTO,
13,ADB,APPLIED DB PUBLIC COMPANY LIMITED,mai,INDUS,-,
14,ADD,ADDTECH HUB PUBLIC COMPANY LIMITED,mai,SERVICE,-,
15,ADVANC,ADVANCED INFO SERVICE PUBLIC COMPANY LIMITED,SET,TECH,ICT,
16,AEONTS,AEON THANA SINSAP (THAILAND) PUBLIC COMPANY LIMITED,SET,FINCIAL,FIN,
17,AF,AIRA FACTORING PUBLIC COMPANY LIMITED,mai,FINCIAL,-,
18,AFC,ASIA FIBER PUBLIC COMPANY LIMITED,SET,CONSUMP,FASHION,
19,AGE,ASIA GREEN ENERGY PUBLIC COMPANY LIMITED,SET,RESOURC,ENERG,
20,AH,AAPICO HITECH PUBLIC COMPANY LIMITED,SET,INDUS,AUTO,
21,AHC,AIKCHOL HOSPITAL PUBLIC COMPANY LIMITED,SET,SERVICE,HELTH,
22,AI,ASIAN INSULATORS PUBLIC COMPANY LIMITED,SET,RESOURC,ENERG,
23,AIE,AI ENERGY PUBLIC COMPANY LIMITED,SET,RESOURC,ENERG,
24,AIMCG,AIM COMMERCIAL GROWTH FREEHOLD AND LEASEHOLD REAL ESTATE INVESTMENT TRUST,SET,PROPCON,PF&REIT,
25,AIMIRT,AIM INDUSTRIAL GROWTH FREEHOLD AND LEASEHOLD REAL ESTATE INVESTMENT TRUST,SET,PROPCON,PF&REIT,
26,AIRA,AIRA CAPITAL PUBLIC COMPANY LIMITED,mai,FINCIAL,-,
27,AIT,"ADVANCED INFORMATION TECHNOLOGY PUBLIC CO.,LTD.",SET,TECH,ICT,
28,AJ,A.J. PLAST PUBLIC COMPANY LIMITED,SET,INDUS,PKG,
29,AJA,AJ ADVANCE TECHNOLOGY PUBLIC COMPANY LIMITED,SET,CONSUMP,HOME,
30,AKP,AKKHIE PRAKARN PUBLIC COMPANY LIMITED,mai,SERVICE,-,
31,AKR,EKARAT ENGINEERING PUBLIC COMPANY LIMITED,SET,RESOURC,ENERG,
32,ALL,ALL INSPIRE DEVELOPMENT PUBLIC COMPANY LIMITED,mai,PROPCON,-,
33,ALLA,ALLA PUBLIC COMPANY LIMITED,SET,INDUS,IMM,
34,ALLY,ALLY LEASEHOLD REAL ESTATE INVESTMENT TRUST,SET,PROPCON,PF&REIT,
35,ALPHAX,ALPHA DIVISIONS PUBLIC COMPANY LIMITED,mai,CONSUMP,-,
36,ALT,ALT TELECOM PUBLIC COMPANY LIMITED,SET,TECH,ICT,
37,ALUCON,ALUCON PUBLIC COMPANY LIMITED,SET,INDUS,PKG,
38,AMA,AMA MARINE PUBLIC COMPANY LIMITED,mai,SERVICE,-,
39,AMANAH,AMANAH LEASING PUBLIC COMPANY LIMITED,SET,FINCIAL,FIN,
40,AMARC,ASIA MEDICAL AND AGRICULTURAL LABORATORY AND RESEARCH CENTER PUBLIC COMPANY LIMITED,mai,SERVICE,-,
41,AMARIN,AMARIN PRINTING AND PUBLISHING PUBLIC COMPANY LIMITED,SET,SERVICE,MEDIA,
42,AMATA,AMATA CORPORATION PUBLIC COMPANY LIMITED,SET,PROPCON,PROP,
43,AMATAR,AMATA SUMMIT GROWTH FREEHOLD AND LEASEHOLD REAL ESTATE INVESTMENT TRUST,SET,PROPCON,PF&REIT,
44,AMATAV,AMATA VN PUBLIC COMPANY LIMITED,SET,PROPCON,PROP,
45,AMC,ASIA METAL PUBLIC COMPANY LIMITED,SET,INDUS,STEEL,
46,AMR,AMR ASIA PUBLIC COMPANY LIMITED,SET,TECH,ICT,
47,ANAN,ANANDA DEVELOPMENT PUBLIC COMPANY LIMITED,SET,PROPCON,PROP,
48,AOT,AIRPORTS OF THAILAND PUBLIC COMPANY LIMITED,SET,SERVICE,TRANS,
49,AP,AP (THAILAND) PUBLIC COMPANY LIMITED,SET,PROPCON,PROP,
50,APCO,ASIAN PHYTOCEUTICALS PUBLIC COMPANY LIMITED,SET,CONSUMP,PERSON,
51,APCS,ASIA PRECISION PUBLIC COMPANY LIMITED,SET,PROPCON,CONS,
52,APEX,APEX DEVELOPMENT PUBLIC COMPANY LIMITED,SET,PROPCON,PROP,
53,APP,APPLICAD PUBLIC COMPANY LIMITED,mai,TECH,-,
54,APURE,AGRIPURE HOLDINGS PUBLIC COMPANY LIMITED,SET,AGRO,FOOD,
55,AQ,AQ ESTATE PUBLIC COMPANY LIMITED,SET,PROPCON,PROP,
56,AQUA,AQUA CORPORATION PUBLIC COMPANY LIMITED,SET,SERVICE,MEDIA,
57,ARIN,ARINSIRI LAND PUBLIC COMPANY LIMITED,mai,PROPCON,-,
58,ARIP,ARIP PUBLIC COMPANY LIMITED,mai,SERVICE,-,
59,ARROW,ARROW SYNDICATE PUBLIC COMPANY LIMITED,mai,PROPCON,-,
60,AS,ASIASOFT CORPORATION PUBLIC COMPANY LIMITED,SET,SERVICE,MEDIA,
61,ASAP,SYNERGETIC AUTO PERFORMANCE PUBLIC COMPANY LIMITED,SET,FINCIAL,FIN,
62,ASEFA,ASEFA PUBLIC COMPANY LIMITED,SET,INDUS,IMM,
63,ASIA,ASIA HOTEL PUBLIC COMPANY LIMITED,SET,SERVICE,TOURISM,
64,ASIAN,ASIAN SEA CORPORATION PUBLIC COMPANY LIMITED,SET,AGRO,FOOD,
65,ASIMAR,ASIAN MARINE SERVICES PUBLIC COMPANY LIMITED,SET,SERVICE,TRANS,
66,ASK,ASIA SERMKIJ LEASING PUBLIC COMPANY LIMITED,SET,FINCIAL,FIN,
67,ASN,ASN BROKER PUBLIC COMPANY LIMITED,mai,FINCIAL,-,
68,ASP,ASIA PLUS GROUP HOLDINGS PUBLIC COMPANY LIMITED,SET,FINCIAL,FIN,
69,ASW,ASSETWISE PUBLIC COMPANY LIMITED,SET,PROPCON,PROP,
70,ATP30,ATP30 PUBLIC COMPANY LIMITED,mai,SERVICE,-,
71,AU,AFTER YOU PUBLIC COMPANY LIMITED,mai,AGRO,-,
72,AUCT,UNION AUCTION PUBLIC COMPANY LIMITED,mai,SERVICE,-,
73,AURA,Aurora Design Public Company Limited,SET,CONSUMP,FASHION,
74,AWC,ASSET WORLD CORP PUBLIC COMPANY LIMITED,SET,PROPCON,PROP,
75,AYUD,ALLIANZ AYUDHYA CAPITAL PUBLIC COMPANY LIMITED,SET,FINCIAL,INSUR,
76,B,BEGISTICS PUBLIC COMPANY LIMITED,SET,SERVICE,TRANS,
77,B52,B-52 CAPITAL PUBLIC COMPANY LIMITED,SET,SERVICE,COMM,
78,BA,BANGKOK AIRWAYS PUBLIC COMPANY LIMITED,SET,SERVICE,TRANS,
79,BAFS,BANGKOK AVIATION FUEL SERVICES PCL.,SET,RESOURC,ENERG,
80,BAM,BANGKOK COMMERCIAL ASSET MANAGEMENT PUBLIC COMPANY LIMITED,SET,FINCIAL,FIN,
81,BANPU,BANPU PUBLIC COMPANY LIMITED,SET,RESOURC,ENERG,
82,BAREIT,BA Airport Leasehold Real Estate Investment Trust,SET,PROPCON,PF&REIT,
83,BAY,BANK OF AYUDHYA PUBLIC COMPANY LIMITED,SET,FINCIAL,BANK,
84,BBGI,BBGI PUBLIC COMPANY LIMITED,SET,RESOURC,ENERG,
85,BBIK,BLUEBIK GROUP PUBLIC COMPANY LIMITED,mai,TECH,-,
86,BBL,BANGKOK BANK PUBLIC COMPANY LIMITED,SET,FINCIAL,BANK,
87,BC,BOUTIQUE CORPORATION PUBLIC COMPANY LIMITED,mai,PROPCON,-,
88,BCH,BANGKOK CHAIN HOSPITAL PUBLIC COMPANY LIMITED,SET,SERVICE,HELTH,
89,BCP,BANGCHAK CORPORATION PUBLIC COMPANY LIMITED,SET,RESOURC,ENERG,
90,BCPG,BCPG PUBLIC COMPANY LIMITED,SET,RESOURC,ENERG,
91,BCT,BIRLA CARBON (THAILAND) PUBLIC COMPANY LIMITED,SET,INDUS,PETRO,
92,BDMS,BANGKOK DUSIT MEDICAL SERVICES PUBLIC COMPANY LIMITED,SET,SERVICE,HELTH,
93,BE8,BERYL 8 PLUS PUBLIC COMPANY LIMITED,mai,TECH,-,
94,BEAUTY,BEAUTY COMMUNITY PUBLIC COMPANY LIMITED,SET,SERVICE,COMM,
95,BEC,BEC WORLD PUBLIC COMPANY LIMITED,SET,SERVICE,MEDIA,
96,BEM,BANGKOK EXPRESSWAY AND METRO PUBLIC COMPANY LIMITED,SET,SERVICE,TRANS,
97,BEYOND,BOUND AND BEYOND PUBLIC COMPANY LIMITED,SET,SERVICE,TOURISM,
98,BGC,BG CONTAINER GLASS PUBLIC COMPANY LIMITED,SET,INDUS,PKG,
99,BGRIM,B.GRIMM POWER PUBLIC COMPANY LIMITED,SET,RESOURC,ENERG,
0,BGT,BGT CORPORATION PUBLIC COMPANY LIMITED,mai,CONSUMP,-,
1,BH,BUMRUNGRAD HOSPITAL PUBLIC COMPANY LIMITED,SET,SERVICE,HELTH,
2,BIG,BIG CAMERA CORPORATION PUBLIC COMPANY LIMITED,SET,SERVICE,COMM,
3,BIOTEC,BIO GREEN ENERGY TECH PUBLIC COMPANY LIMITED,SET,SERVICE,TRANS,
4,BIS,Bioscience Animal Health Public Company Limited,mai,SERVICE,-,
5,BIZ,BUSINESS ALIGNMENT PUBLIC COMPANY LIMITED,SET,CONSUMP,PERSON,
6,BJC,BERLI JUCKER PUBLIC COMPANY LIMITED,SET,SERVICE,COMM,
7,BJCHI,BJC HEAVY INDUSTRIES PUBLIC COMPANY LIMITED,SET,PROPCON,CONS,
8,BKD,BANGKOK DEC-CON PUBLIC COMPANY LIMITED,SET,PROPCON,CONS,
9,BKI,BANGKOK INSURANCE PUBLIC COMPANY LIMITED,SET,FINCIAL,INSUR,
10,BKKCP,BANGKOK COMMERCIAL PROPERTY FUND,SET,PROPCON,PF&REIT,
11,BLA,BANGKOK LIFE ASSURANCE PUBLIC COMPANY LIMITED,SET,FINCIAL,INSUR,
12,BLAND,BANGKOK LAND PUBLIC COMPANY LIMITED,SET,PROPCON,PROP,
13,BLESS,BLESS ASSET GROUP PUBLIC COMPANY LIMITED,mai,PROPCON,-,
14,BLISS,BLISS INTELLIGENCE PUBLIC COMPANY LIMITED,SET,TECH,ICT,
15,BM,BANGKOK SHEET METAL PUBLIC COMPANY LIMITED,mai,INDUS,-,
16,BOFFICE,BHIRAJ OFFICE LEASEHOLD REAL ESTATE INVESTMENT TRUST,SET,PROPCON,PF&REIT,
17,BOL,BUSINESS ONLINE PUBLIC COMPANY LIMITED,mai,SERVICE,-,
18,BPP,BANPU POWER PUBLIC COMPANY LIMITED,SET,RESOURC,ENERG,
19,BR,BANGKOK RANCH PUBLIC COMPANY LIMITED,SET,AGRO,FOOD,
20,BRI,BRITANIA PUBLIC COMPANY LIMITED,SET,PROPCON,PROP,
21,BROCK,BAAN ROCK GARDEN PUBLIC COMPANY LIMITED,SET,PROPCON,PROP,
22,BROOK,THE BROOKER GROUP PUBLIC COMPANY LIMITED,mai,FINCIAL,-,
23,BRR,BURIRAM SUGAR PUBLIC COMPANY LIMITED,SET,AGRO,FOOD,
24,BRRGIF,BURIRAM SUGAR GROUP POWER PLANT INFRASTRUCTURE FUND,SET,RESOURC,ENERG,
25,BSBM,BANGSAPHAN BARMILL PUBLIC COMPANY LIMITED,SET,INDUS,STEEL,
26,BSM,BUILDERSMART PUBLIC COMPANY LIMITED,mai,PROPCON,-,
27,BTG,BETAGRO PUBLIC COMPANY LIMITED,SET,AGRO,FOOD,
28,BTNC,BOUTIQUE NEWCITY PUBLIC COMPANY LIMITED,SET,CONSUMP,FASHION,
29,BTS,BTS GROUP HOLDINGS PUBLIC COMPANY LIMITED,SET,SERVICE,TRANS,
30,BTSGIF,BTS RAIL MASS TRANSIT GROWTH INFRASTRUCTURE FUND,SET,SERVICE,TRANS,
31,BTW,BT WEALTH INDUSTRIES PUBLIC COMPANY LIMITED,mai,PROPCON,-,
32,BUI,BANGKOK UNION INSURANCE PUBLIC COMPANY LIMITED,SET,FINCIAL,INSUR,
33,BVG,BlueVenture Group Public Company Limited,mai,TECH,-,
34,BWG,BETTER WORLD GREEN PUBLIC COMPANY LIMITED,SET,SERVICE,PROF,
35,B-WORK,BUALUANG OFFICE LEASEHOLD REAL ESTATE INVESTMENT TRUST,SET,PROPCON,PF&REIT,
36,BYD,BEYOND SECURITIES PUBLIC COMPANY LIMITED,SET,FINCIAL,FIN,
37,CAZ,CAZ (THAILAND) PUBLIC COMPANY LIMITED,mai,PROPCON,-,
38,CBG,CARABAO GROUP PUBLIC COMPANY LIMITED,SET,AGRO,FOOD,
39,CCET,"CAL-COMP ELECTRONICS (THAILAND) PUBLIC CO., LTD.",SET,TECH,ETRON,
40,CCP,CHONBURI CONCRETE PRODUCT PUBLIC COMPANY LIMITED,SET,PROPCON,CONMAT,
41,CEN,CAPITAL ENGINEERING NETWORK PUBLIC COMPANY LIMITED,SET,INDUS,STEEL,
42,CENTEL,CENTRAL PLAZA HOTEL PUBLIC COMPANY LIMITED,SET,SERVICE,TOURISM,
43,CEYE,Chamni's Eye Public Company Limited,mai,SERVICE,-,
44,CFRESH,SEAFRESH INDUSTRY PUBLIC COMPANY LIMITED,SET,AGRO,FOOD,
45,CGD,COUNTRY GROUP DEVELOPMENT PUBLIC COMPANY LIMITED,SET,PROPCON,PROP,
46,CGH,COUNTRY GROUP HOLDINGS PUBLIC COMPANY LIMITED,SET,FINCIAL,FIN,
47,CH,Chin Huay Public Company Limited,SET,AGRO,FOOD,
48,CHARAN,CHARAN INSURANCE PUBLIC COMPANY LIMITED,SET,FINCIAL,INSUR,
49,CHASE,Chase Asia Public Company Limited,SET,FINCIAL,FIN,
50,CHAYO,CHAYO GROUP PUBLIC COMPANY LIMITED,SET,FINCIAL,FIN,
51,CHEWA,CHEWATHAI PUBLIC COMPANY LIMITED,mai,PROPCON,-,
52,CHG,CHULARAT HOSPITAL PUBLIC COMPANY LIMITED,SET,SERVICE,HELTH,
53,CHIC,CHIC REPUBLIC PUBLIC COMPANY LIMITED,mai,SERVICE,-,
54,CHO,CHO THAVEE PUBLIC COMPANY LIMITED,mai,INDUS,-,
55,CHOTI,"KIANG HUAT SEA GULL TRADING FROZEN FOOD PUBLIC CO., LTD.",SET,AGRO,FOOD,
56,CHOW,CHOW STEEL INDUSTRIES PUBLIC COMPANY LIMITED,mai,INDUS,-,
57,CI,CHARN ISSARA DEVELOPMENT PUBLIC COMPANY LIMITED,SET,PROPCON,PROP,
58,CIG,C.I.GROUP PUBLIC COMPANY LIMITED,mai,INDUS,-,
59,CIMBT,CIMB THAI BANK PUBLIC COMPANY LIMITED,SET,FINCIAL,BANK,
60,CITY,CITY STEEL PUBLIC COMPANY LIMITED,SET,INDUS,STEEL,
61,CIVIL,CIVIL ENGINEERING PUBLIC COMPANY LIMITED,SET,PROPCON,CONS,
62,CK,CH. KARNCHANG PUBLIC COMPANY LIMITED,SET,PROPCON,CONS,
63,CKP,CK POWER PUBLIC COMPANY LIMITED,SET,RESOURC,ENERG,
64,CM,CHIANGMAI FROZEN FOODS PUBLIC COMPANY LIMITED,SET,AGRO,FOOD,
65,CMAN,CHEMEMAN PUBLIC COMPANY LIMITED,SET,INDUS,PETRO,
66,CMC,CHAOPRAYAMAHANAKORN PUBLIC COMPANY LIMITED,SET,PROPCON,PROP,
67,CMO,CMO PUBLIC COMPANY LIMITED,mai,SERVICE,-,
68,CMR,CHIANG MAI RAM MEDICAL BUSINESS PUBLIC COMPANY LIMITED,SET,SERVICE,HELTH,
69,CNT,CHRISTIANI & NIELSEN (THAI) PUBLIC COMPANY LIMITED,SET,PROPCON,CONS,
70,COLOR,SALEE COLOUR PUBLIC COMPANY LIMITED,mai,INDUS,-,
71,COM7,COM7 PUBLIC COMPANY LIMITED,SET,SERVICE,COMM,
72,COMAN,COMANCHE INTERNATIONAL PUBLIC COMPANY LIMITED,mai,TECH,-,
73,COTTO,SCG CERAMICS PUBLIC COMPANY LIMITED,SET,PROPCON,CONMAT,
74,CPALL,CP ALL PUBLIC COMPANY LIMITED,SET,SERVICE,COMM,
75,CPANEL,CPANEL PUBLIC COMPANY LIMITED,mai,PROPCON,-,
76,CPF,CHAROEN POKPHAND FOODS PUBLIC COMPANY LIMITED,SET,AGRO,FOOD,
77,CPH,CASTLE PEAK HOLDINGS PUBLIC COMPANY LIMITED,SET,CONSUMP,FASHION,
78,CPI,CHUMPORN PALM OIL INDUSTRY PUBLIC COMPANY LIMITED,SET,AGRO,FOOD,
79,CPL,CPL GROUP PUBLIC COMPANY LIMITED,SET,CONSUMP,FASHION,
80,CPN,CENTRAL PATTANA PUBLIC COMPANY LIMITED,SET,PROPCON,PROP,
81,CPNCG,CPN COMMERCIAL GROWTH LEASEHOLD PROPERTY FUND,SET,PROPCON,PF&REIT,
82,CPNREIT,CPN RETAIL GROWTH LEASEHOLD REIT,SET,PROPCON,PF&REIT,
83,CPR,CPR GOMU INDUSTRIAL PUBLIC COMPANY LIMITED,mai,INDUS,-,
84,CPT,CPT DRIVES AND POWER PUBLIC COMPANY LIMITED,SET,INDUS,IMM,
85,CPTGF,C.P. TOWER GROWTH LEASEHOLD PROPERTY FUND,SET,PROPCON,PF&REIT,
86,CPW,COPPERWIRED PUBLIC COMPANY LIMITED,SET,SERVICE,COMM,
87,CRANE,CHU KAI PUBLIC COMPANY LIMITED,SET,INDUS,IMM,
88,CRC,CENTRAL RETAIL CORPORATION PUBLIC COMPANY LIMITED,SET,SERVICE,COMM,
89,CRD,CHIANGMAI RIMDOI PUBLIC COMPANY LIMITED,mai,PROPCON,-,
90,CSC,CROWN SEAL PUBLIC COMPANY LIMITED,SET,INDUS,PKG,
91,CSP,CSP STEEL CENTER PUBLIC COMPANY LIMITED,SET,INDUS,STEEL,
92,CSR,CITY SPORTS AND RECREATION PUBLIC COMPANY LIMITED,SET,SERVICE,TOURISM,
93,CSS,COMMUNICATION AND SYSTEM SOLUTION PUBLIC COMPANY LIMITED,SET,SERVICE,COMM,
94,CTARAF,CENTARA HOTELS & RESORTS LEASEHOLD PROPERTY FUND,SET,PROPCON,PF&REIT,
95,CTW,CHAROONG THAI WIRE & CABLE PUBLIC COMPANY LIMITED,SET,INDUS,IMM,
96,CV,CLOVER POWER PUBLIC COMPANY LIMITED,SET,RESOURC,ENERG,
97,CWT,CHAI WATANA TANNERY GROUP PUBLIC COMPANY LIMITED,SET,INDUS,AUTO,
98,D,DENTAL CORPORATION PUBLIC COMPANY LIMITED,mai,SERVICE,-,
99,DCC,DYNASTY CERAMIC PUBLIC COMPANY LIMITED,SET,PROPCON,CONMAT,
0,DCON,DCON PRODUCTS PUBLIC COMPANY LIMITED,SET,PROPCON,CONMAT,
1,DDD,DO DAY DREAM PUBLIC COMPANY LIMITED,SET,CONSUMP,PERSON,
2,DELTA,DELTA ELECTRONICS (THAILAND) PUBLIC COMPANY LIMITED,SET,TECH,ETRON,
3,DEMCO,DEMCO PUBLIC COMPANY LIMITED,SET,RESOURC,ENERG,
4,DHOUSE,DHOUSE PATTANA PUBLIC COMPANY LIMITED,mai,PROPCON,-,
5,DIF,DIGITAL TELECOMMUNICATIONS INFRASTRUCTURE FUND,SET,TECH,ICT,
6,DIMET,DIMET (SIAM) PUBLIC COMPANY LIMITED,mai,PROPCON,-,
7,DITTO,DITTO (THAILAND) PUBLIC COMPANY LIMITED,mai,TECH,-,
8,DMT,DON MUANG TOLLWAY PUBLIC COMPANY LIMITED,SET,SERVICE,TRANS,
9,DOD,DOD BIOTECH PUBLIC COMPANY LIMITED,mai,CONSUMP,-,
10,DOHOME,DOHOME PUBLIC COMPANY LIMITED,SET,SERVICE,COMM,
11,DPAINT,DELTA PAINT PUBLIC COMPANY LIMITED,mai,PROPCON,-,
12,DREIT,DUSIT THANI FREEHOLD AND LEASEHOLD REAL ESTATE INVESTMENT TRUST,SET,PROPCON,PF&REIT,
13,DRT,DIAMOND BUILDING PRODUCTS PUBLIC COMPANY LIMITED,SET,PROPCON,CONMAT,
14,DTCENT,D.T.C. Enterprise Public Company Limited,SET,TECH,ICT,
15,DTCI,D.T.C. INDUSTRIES PUBLIC COMPANY LIMITED,SET,CONSUMP,HOME,
16,DUSIT,DUSIT THANI PUBLIC COMPANY LIMITED,SET,SERVICE,TOURISM,
17,DV8,DV8 PUBLIC COMPANY LIMITED,mai,SERVICE,-,
18,EA,ENERGY ABSOLUTE PUBLIC COMPANY LIMITED,SET,RESOURC,ENERG,
19,EASON,EASON & CO PUBLIC COMPANY LIMITED,SET,INDUS,AUTO,
20,EASTW,EASTERN WATER RESOURCES DEVELOPMENT AND MANAGEMENT PCL.,SET,RESOURC,ENERG,
21,ECF,EAST COAST FURNITECH PUBLIC COMPANY LIMITED,mai,CONSUMP,-,
22,ECL,EASTERN COMMERCIAL LEASING PUBLIC COMPANY LIMITED,SET,FINCIAL,FIN,
23,EE,ETERNAL ENERGY PUBLIC COMPANY LIMITED,SET,AGRO,AGRI,
24,EFORL,E FOR L AIM PUBLIC COMPANY LIMITED,mai,CONSUMP,-,
25,EGATIF,"NORTH BANGKOK POWER PLANT BLOCK 1 INFRASTRUCTURE FUND, ELECTRICITY GENERATING AUTHORITY OF THAILAND",SET,RESOURC,ENERG,
26,EGCO,ELECTRICITY GENERATING PUBLIC COMPANY LIMITED,SET,RESOURC,ENERG,
27,EKH,EKACHAI MEDICAL CARE PUBLIC COMPANY LIMITED,SET,SERVICE,HELTH,
28,EMC,EMC PUBLIC COMPANY LIMITED,SET,PROPCON,CONS,
29,EP,EASTERN POWER GROUP PUBLIC COMPANY LIMITED,SET,RESOURC,ENERG,
30,EPG,EASTERN POLYMER GROUP PUBLIC COMPANY LIMITED,SET,PROPCON,CONMAT,
31,ERW,THE ERAWAN GROUP PUBLIC COMPANY LIMITED,SET,SERVICE,TOURISM,
32,ERWPF,ERAWAN HOTEL GROWTH PROPERTY FUND,SET,PROPCON,PF&REIT,
33,ESSO,ESSO (THAILAND) PUBLIC COMPANY LIMITED,SET,RESOURC,ENERG,
34,ESTAR,EASTERN STAR REAL ESTATE PUBLIC COMPANY LIMITED,SET,PROPCON,PROP,
35,ETC,EARTH TECH ENVIRONMENT PUBLIC COMPANY LIMITED,SET,RESOURC,ENERG,
36,ETE,EASTERN TECHNICAL ENGINEERING PUBLIC COMPANY LIMITED,mai,SERVICE,-,
37,EVER,EVERLAND PUBLIC COMPANY LIMITED,SET,PROPCON,PROP,
38,F&D,FOOD AND DRINKS PUBLIC COMPANY LIMITED,SET,AGRO,FOOD,
39,FANCY,FANCY WOOD INDUSTRIES PUBLIC COMPANY LIMITED,SET,CONSUMP,HOME,
40,FE,FAR EAST FAME LINE DDB PUBLIC COMPANY LIMITED,SET,SERVICE,MEDIA,
41,FLOYD,FLOYD PUBLIC COMPANY LIMITED,mai,PROPCON,-,
42,FMT,FINE METAL TECHNOLOGIES PUBLIC COMPANY LIMITED,SET,INDUS,IMM,
43,FN,FN FACTORY OUTLET PUBLIC COMPANY LIMITED,SET,SERVICE,COMM,
44,FNS,FNS HOLDINGS PUBLIC COMPANY LIMITED,SET,FINCIAL,FIN,
45,FORTH,FORTH CORPORATION PUBLIC COMPANY LIMITED,SET,TECH,ICT,
46,FPI,FORTUNE PARTS INDUSTRY PUBLIC COMPANY LIMITED,mai,INDUS,-,
47,FPT,FRASERS PROPERTY (THAILAND) PUBLIC COMPANY LIMITED,SET,PROPCON,PROP,
48,FSMART,FORTH SMART SERVICE PUBLIC COMPANY LIMITED,mai,SERVICE,-,
49,FSS,FINANSIA SYRUS SECURITIES PUBLIC COMPANY LIMITED,SET,FINCIAL,FIN,
50,FTE,FIRETRADE ENGINEERING PUBLIC COMPANY LIMITED,SET,SERVICE,COMM,
51,FTI,Function International Public Company Limited,SET,CONSUMP,HOME,
52,FTREIT,FRASERS PROPERTY THAILAND INDUSTRIAL FREEHOLD & LEASEHOLD REIT,SET,PROPCON,PF&REIT,
53,FUTUREPF,FUTURE PARK LEASEHOLD PROPERTY FUND,SET,PROPCON,PF&REIT,
54,FVC,FILTER VISION PUBLIC COMPANY LIMITED,mai,SERVICE,-,
55,GAHREIT,GRANDE HOSPITALITY REAL ESTATE INVESTMENT TRUST,SET,PROPCON,PF&REIT,
56,GBX,GLOBLEX HOLDING MANAGEMENT PUBLIC COMPANY LIMITED,SET,FINCIAL,FIN,
57,GC,GLOBAL CONNECTIONS PUBLIC COMPANY LIMITED,SET,INDUS,PETRO,
58,GCAP,G CAPITAL PUBLIC COMPANY LIMITED,mai,FINCIAL,-,
59,GEL,GENERAL ENGINEERING PUBLIC COMPANY LIMITED,SET,PROPCON,CONMAT,
60,GENCO,"GENERAL ENVIRONMENTAL CONSERVATION PUBLIC CO., LTD.",SET,SERVICE,PROF,
61,GFPT,GFPT PUBLIC COMPANY LIMITED,SET,AGRO,AGRI,
62,GGC,GLOBAL GREEN CHEMICALS PUBLIC COMPANY LIMITED,SET,INDUS,PETRO,
63,GIFT,GRATITUDE INFINITE PUBLIC COMPANY LIMITED,SET,INDUS,PETRO,
64,GJS,G J STEEL PUBLIC COMPANY LIMITED,SET,INDUS,STEEL,
65,GL,GROUP LEASE PUBLIC COMPANY LIMITED,SET,FINCIAL,FIN,
66,GLAND,GRAND CANAL LAND PUBLIC COMPANY LIMITED,SET,PROPCON,PROP,
67,GLOBAL,SIAM GLOBAL HOUSE PUBLIC COMPANY LIMITED,SET,SERVICE,COMM,
68,GLOCON,GLOBAL CONSUMER PUBLIC COMPANY LIMITED,SET,AGRO,FOOD,
69,GLORY,GLORY FOREVER PUBLIC COMPANY LIMITED,mai,SERVICE,-,
70,GPI,GRAND PRIX INTERNATIONAL PUBLIC COMPANY LIMITED,SET,SERVICE,MEDIA,
71,GPSC,GLOBAL POWER SYNERGY PUBLIC COMPANY LIMITED,SET,RESOURC,ENERG,
72,GRAMMY,GMM GRAMMY PUBLIC COMPANY LIMITED,SET,SERVICE,MEDIA,
73,GRAND,GRANDE ASSET HOTELS AND PROPERTY PUBLIC COMPANY LIMITED,SET,SERVICE,TOURISM,
74,GREEN,GREEN RESOURCES PUBLIC COMPANY LIMITED,SET,RESOURC,ENERG,
75,GROREIT,GRANDE ROYAL ORCHID HOSPITALITY REAL ESTATE INVESTMENT TRUST WITH BUY-BACK CONDITION,SET,PROPCON,PF&REIT,
76,GSC,GLOBAL SERVICE CENTER PUBLIC COMPANY LIMITED,mai,SERVICE,-,
77,GSTEEL,G STEEL PUBLIC COMPANY LIMITED,SET,INDUS,STEEL,
78,GTB,GETABEC PUBLIC COMPANY LIMITED,mai,INDUS,-,
79,GTV,GREEN TECH VENTURES PUBLIC COMPANY LIMITED,mai,RESOURC,-,
80,GULF,GULF ENERGY DEVELOPMENT PUBLIC COMPANY LIMITED,SET,RESOURC,ENERG,
81,GUNKUL,GUNKUL ENGINEERING PUBLIC COMPANY LIMITED,SET,RESOURC,ENERG,
82,GVREIT,GOLDEN VENTURES LEASEHOLD REAL ESTATE INVESTMENT TRUST,SET,PROPCON,PF&REIT,
83,GYT,GOODYEAR (THAILAND) PUBLIC COMPANY LIMITED,SET,INDUS,AUTO,
84,HANA,HANA MICROELECTRONICS PUBLIC COMPANY LIMITED,SET,TECH,ETRON,
85,HARN,HARN ENGINEERING SOLUTIONS PUBLIC COMPANY LIMITED,mai,SERVICE,-,
86,HEMP,HEALTH EMPIRE CORPORATION PUBLIC COMPANY LIMITED,mai,SERVICE,-,
87,HENG,HENG LEASING AND CAPITAL PUBLIC COMPANY LIMITED,SET,FINCIAL,FIN,
88,HFT,HWA FONG RUBBER (THAILAND) PUBLIC COMPANY LIMITED,SET,INDUS,AUTO,
89,HL,HEALTHLEAD PUBLIC COMPANY LIMITED,mai,SERVICE,-,
90,HMPRO,HOME PRODUCT CENTER PUBLIC COMPANY LIMITED,SET,SERVICE,COMM,
91,HPF,HEMARAJ INDUSTRIAL PROPERTY AND LEASEHOLD FUND,SET,PROPCON,PF&REIT,
92,HPT,HOME POTTERY PUBLIC COMPANY LIMITED,mai,CONSUMP,-,
93,HTC,HAAD THIP PUBLIC COMPANY LIMITED,SET,AGRO,FOOD,
94,HTECH,HALCYON TECHNOLOGY PUBLIC COMPANY LIMITED,SET,INDUS,IMM,
95,HUMAN,HUMANICA PUBLIC COMPANY LIMITED,SET,TECH,ICT,
96,HYDRO,HYDROTEK PUBLIC COMPANY LIMITED,mai,PROPCON,-,
97,HYDROGEN,Hydrogen Freehold and Leasehold Real Estate Investment Trust,SET,PROPCON,PF&REIT,
98,ICC,I.C.C. INTERNATIONAL PUBLIC COMPANY LIMITED,SET,SERVICE,COMM,
99,ICHI,ICHITAN GROUP PUBLIC COMPANY LIMITED,SET,AGRO,FOOD,
0,ICN,INFORMATION AND COMMUNICATION NETWORKS PUBLIC COMPANY LIMITED,mai,TECH,-,
1,IFEC,INTER FAR EAST ENERGY CORPORATION PUBLIC COMPANY LIMITED,SET,RESOURC,ENERG,
2,IFS,IFS CAPITAL (THAILAND) PUBLIC COMPANY LIMITED,SET,FINCIAL,FIN,
3,IHL,INTERHIDES PUBLIC COMPANY LIMITED,SET,INDUS,AUTO,
4,IIG,I&I GROUP PUBLIC COMPANY LIMITED,mai,TECH,-,
5,III,TRIPLE I LOGISTICS PUBLIC COMPANY LIMITED,SET,SERVICE,TRANS,
6,ILINK,INTERLINK COMMUNICATION PUBLIC COMPANY LIMITED,SET,TECH,ICT,
7,ILM,INDEX LIVING MALL PUBLIC COMPANY LIMITED,SET,SERVICE,COMM,
8,IMH,INTERMEDICAL CARE AND LAB HOSPITAL PUBLIC COMPANY LIMITED,mai,SERVICE,-,
9,IMPACT,IMPACT GROWTH REAL ESTATE INVESTMENT TRUST,SET,PROPCON,PF&REIT,
10,IND,INDEX INTERNATIONAL GROUP PUBLIC COMPANY LIMITED,mai,PROPCON,-,
11,INET,INTERNET THAILAND PUBLIC COMPANY LIMITED,SET,TECH,ICT,
12,INETREIT,INET LEASEHOLD REAL ESTATE INVESTMENT TRUST,SET,PROPCON,PF&REIT,
13,INGRS,INGRESS INDUSTRIAL (THAILAND) PUBLIC COMPANY LIMITED,SET,INDUS,AUTO,
14,INOX,POSCO-THAINOX PUBLIC COMPANY LIMITED,SET,INDUS,STEEL,
15,INSET,INFRASET PUBLIC COMPANY LIMITED,SET,TECH,ICT,
16,INSURE,INDARA INSURANCE PUBLIC COMPANY LIMITED,SET,FINCIAL,INSUR,
17,INTUCH,INTOUCH HOLDINGS PUBLIC COMPANY LIMITED,SET,TECH,ICT,
18,IP,INTER PHARMA PUBLIC COMPANY LIMITED,mai,CONSUMP,-,
19,IRC,INOUE RUBBER (THAILAND) PUBLIC COMPANY LIMITED,SET,INDUS,AUTO,
20,IRCP,"INTERNATIONAL RESEARCH CORPORATION PUBLIC CO., LTD.",mai,TECH,-,
21,IRPC,IRPC PUBLIC COMPANY LIMITED,SET,RESOURC,ENERG,
22,IT,IT CITY PUBLIC COMPANY LIMITED,SET,SERVICE,COMM,
23,ITC,i-Tail Corporation Public Company Limited,SET,AGRO,FOOD,
24,ITD,ITALIAN-THAI DEVELOPMENT PUBLIC COMPANY LIMITED,SET,PROPCON,CONS,
25,ITEL,INTERLINK TELECOM PUBLIC COMPANY LIMITED,SET,TECH,ICT,
26,ITNS,INTERNATIONAL NETWORK SYSTEM PUBLIC COMPANY LIMITED,mai,TECH,-,
27,IVL,INDORAMA VENTURES PUBLIC COMPANY LIMITED,SET,INDUS,PETRO,
28,J,JAS ASSET PUBLIC COMPANY LIMITED,SET,PROPCON,PROP,
29,JAK,JAKPAISAN ESTATE PUBLIC COMPANY LIMITED,mai,PROPCON,-,
30,JAS,JASMINE INTERNATIONAL PUBLIC COMPANY LIMITED,SET,TECH,ICT,
31,JASIF,JASMINE BROADBAND INTERNET INFRASTRUCTURE FUND,SET,TECH,ICT,
32,JCK,JCK INTERNATIONAL PUBLIC COMPANY LIMITED,SET,PROPCON,PROP,
33,JCKH,JCK HOSPITALITY PUBLIC COMPANY LIMITED,mai,AGRO,-,
34,JCT,JACK CHIA INDUSTRIES (THAILAND) PUBLIC COMPANY LIMITED,SET,CONSUMP,PERSON,
35,JDF,JD Food Public Company Limited,SET,AGRO,FOOD,
36,JKN,JKN GLOBAL GROUP PUBLIC COMPANY LIMITED,SET,SERVICE,MEDIA,
37,JMART,JAY MART PUBLIC COMPANY LIMITED,SET,TECH,ICT,
38,JMT,JMT NETWORK SERVICES PUBLIC COMPANY LIMITED,SET,FINCIAL,FIN,
39,JR,J.R.W. UTILITY PUBLIC COMPANY LIMITED,SET,RESOURC,ENERG,
40,JSP,JSP PHARMACEUTICAL MANUFACTURING (THAILAND) PUBLIC COMPANY LIMITED,mai,CONSUMP,-,
41,JTS,JASMINE TECHNOLOGY SOLUTION PUBLIC COMPANY LIMITED,SET,TECH,ICT,
42,JUBILE,JUBILEE ENTERPRISE PUBLIC COMPANY LIMITED,mai,CONSUMP,-,
43,K,KINGSMEN C.M.T.I. PUBLIC COMPANY LIMITED,mai,PROPCON,-,
44,KAMART,KARMARTS PUBLIC COMPANY LIMITED,SET,SERVICE,COMM,
45,KASET,THAI HA PUBLIC COMPANY LIMITED,mai,AGRO,-,
46,KBANK,KASIKORNBANK PUBLIC COMPANY LIMITED,SET,FINCIAL,BANK,
47,KBS,KHONBURI SUGAR PUBLIC COMPANY LIMITED,SET,AGRO,FOOD,
48,KBSPIF,KHONBURI SUGAR POWER PLANT INFRASTRUCTURE FUND,SET,RESOURC,ENERG,
49,KC,K.C. PROPERTY PUBLIC COMPANY LIMITED,SET,PROPCON,PROP,
50,KCAR,KRUNGTHAI CAR RENT AND LEASE PUBLIC COMPANY LIMITED,SET,FINCIAL,FIN,
51,KCC,Knight Club Capital Asset Management Public Company Limited,mai,FINCIAL,-,
52,KCE,KCE ELECTRONICS PUBLIC COMPANY LIMITED,SET,TECH,ETRON,
53,KCM,K.C. METALSHEET PUBLIC COMPANY LIMITED,mai,INDUS,-,
54,KDH,THONBURI MEDICAL CENTRE PUBLIC COMPANY LIMITED,SET,SERVICE,HELTH,
55,KEX,KERRY EXPRESS (THAILAND) PUBLIC COMPANY LIMITED,SET,SERVICE,TRANS,
56,KGEN,KING GEN PUBLIC COMPANY LIMITED,mai,SERVICE,-,
57,KGI,KGI SECURITIES (THAILAND) PUBLIC COMPANY LIMITED,SET,FINCIAL,FIN,
58,KIAT,KIATTANA TRANSPORT PUBLIC COMPANY LIMITED,SET,SERVICE,TRANS,
59,KISS,ROJUKISS INTERNATIONAL PUBLIC COMPANY LIMITED,SET,CONSUMP,PERSON,
60,KJL,KIJCHAROEN ENGINEERING ELECTRIC PUBLIC COMPANY LIMITED,mai,INDUS,-,
61,KK,K&K SUPERSTORE SOUTHERN PUBLIC COMPANY LIMITED,mai,SERVICE,-,
62,KKC,KULTHORN KIRBY PUBLIC COMPANY LIMITED,SET,INDUS,IMM,
63,KKP,KIATNAKIN PHATRA BANK PUBLIC COMPANY LIMITED,SET,FINCIAL,BANK,
64,KLINIQ,The Klinique Medical Clinic Public Company Limited,mai,SERVICE,-,
65,KOOL,MASTERKOOL INTERNATIONAL PUBLIC COMPANY LIMITED,mai,SERVICE,-,
66,KPNPF,KPN PROPERTY FUND,SET,PROPCON,PF&REIT,
67,KSL,KHON KAEN SUGAR INDUSTRY PUBLIC COMPANY LIMITED,SET,AGRO,FOOD,
68,KTB,KRUNG THAI BANK PUBLIC COMPANY LIMITED,SET,FINCIAL,BANK,
69,KTBSTMR,KTBST MIXED FREEHOLD AND LEASEHOLD REAL ESTATE INVESTMENT TRUST,SET,PROPCON,PF&REIT,
70,KTC,KRUNGTHAI CARD PUBLIC COMPANY LIMITED,SET,FINCIAL,FIN,
71,KTIS,KASET THAI INTERNATIONAL SUGAR CORPORATION PUBLIC COMPANY LIMITED,SET,AGRO,FOOD,
72,KTMS,KT Medical Service Public Company Limited,mai,SERVICE,-,
73,KUMWEL,KUMWELL CORPORATION PUBLIC COMPANY LIMITED,mai,INDUS,-,
74,KUN,VILLA KUNALAI PUBLIC COMPANY LIMITED,mai,PROPCON,-,
75,KWC,KRUNGDHEP SOPHON PUBLIC COMPANY LIMITED,SET,SERVICE,TRANS,
76,KWI,KWI PUBLIC COMPANY LIMITED,SET,FINCIAL,INSUR,
77,KWM,K. W. METAL WORK PUBLIC COMPANY LIMITED,mai,INDUS,-,
78,KYE,KANG YONG ELECTRIC PUBLIC COMPANY LIMITED,SET,CONSUMP,HOME,
79,L&E,LIGHTING & EQUIPMENT PUBLIC COMPANY LIMITED,SET,CONSUMP,HOME,
80,LALIN,LALIN PROPERTY PUBLIC COMPANY LIMITED,SET,PROPCON,PROP,
81,LANNA,THE LANNA RESOURCES PUBLIC COMPANY LIMITED,SET,RESOURC,ENERG,
82,LDC,LDC DENTAL PUBLIC COMPANY LIMITED,mai,SERVICE,-,
83,LEE,LEE FEED MILL PUBLIC COMPANY LIMITED,SET,AGRO,AGRI,
84,LEO,LEO GLOBAL LOGISTICS PUBLIC COMPANY LIMITED,mai,SERVICE,-,
85,LH,LAND AND HOUSES PUBLIC COMPANY LIMITED,SET,PROPCON,PROP,
86,LHFG,LH FINANCIAL GROUP PUBLIC COMPANY LIMITED,SET,FINCIAL,BANK,
87,LHHOTEL,LH HOTEL LEASEHOLD REAL ESTATE INVESTMENT TRUST,SET,PROPCON,PF&REIT,
88,LHK,LOHAKIT METAL PUBLIC COMPANY LIMITED,SET,INDUS,STEEL,
89,LHPF,LAND AND HOUSES FREEHOLD AND LEASEHOLD PROPERTY FUND,SET,PROPCON,PF&REIT,
90,LHSC,LH SHOPPING CENTERS LEASEHOLD REAL ESTATE INVESTMENT TRUST,SET,PROPCON,PF&REIT,
91,LIT,LEASE IT PUBLIC COMPANY LIMITED,mai,FINCIAL,-,
92,LOXLEY,LOXLEY PUBLIC COMPANY LIMITED,SET,SERVICE,COMM,
93,LPF,LOTUS'S RETAIL GROWTH FREEHOLD AND LEASEHOLD PROPERTY FUND,SET,PROPCON,PF&REIT,
94,LPH,LADPRAO GENERAL HOSPITAL PUBLIC COMPANY LIMITED,SET,SERVICE,HELTH,
95,LPN,L.P.N. DEVELOPMENT PUBLIC COMPANY LIMITED,SET,PROPCON,PROP,
96,LRH,LAGUNA RESORTS & HOTELS PUBLIC COMPANY LIMITED,SET,SERVICE,TOURISM,
97,LST,LAM SOON (THAILAND) PUBLIC COMPANY LIMITED,SET,AGRO,FOOD,
98,LUXF,LUXURY REAL ESTATE INVESTMENT FUND,SET,PROPCON,PF&REIT,
99,M,MK RESTAURANT GROUP PUBLIC COMPANY LIMITED,SET,AGRO,FOOD,
0,MACO,MASTER AD PUBLIC COMPANY LIMITED,SET,SERVICE,MEDIA,
1,MAJOR,MAJOR CINEPLEX GROUP PUBLIC COMPANY LIMITED,SET,SERVICE,MEDIA,
2,MAKRO,SIAM MAKRO PUBLIC COMPANY LIMITED,SET,SERVICE,COMM,
3,MALEE,MALEE GROUP PUBLIC COMPANY LIMITED,SET,AGRO,FOOD,
4,MANRIN,THE MANDARIN HOTEL PUBLIC COMPANY LIMITED,SET,SERVICE,TOURISM,
5,MASTER,Master Style Public Company Limited,mai,SERVICE,-,
6,MATCH,MATCHING MAXIMIZE SOLUTION PUBLIC COMPANY LIMITED,SET,SERVICE,MEDIA,
7,MATI,MATICHON PUBLIC COMPANY LIMITED,SET,SERVICE,MEDIA,
8,MAX,MAX METAL CORPORATION PUBLIC COMPANY LIMITED,SET,AGRO,AGRI,
9,MBAX,MULTIBAX PUBLIC COMPANY LIMITED,mai,INDUS,-,
10,MBK,MBK PUBLIC COMPANY LIMITED,SET,PROPCON,PROP,
11,MC,MC GROUP PUBLIC COMPANY LIMITED,SET,SERVICE,COMM,
12,M-CHAI,MAHACHAI HOSPITAL PUBLIC COMPANY LIMITED,SET,SERVICE,HELTH,
13,MCOT,MCOT PUBLIC COMPANY LIMITED,SET,SERVICE,MEDIA,
14,MCS,M.C.S.STEEL PUBLIC COMPANY LIMITED,SET,INDUS,STEEL,
15,MDX,M.D.X. PUBLIC COMPANY LIMITED,SET,RESOURC,ENERG,
16,MEB,MEB Corporation Public Company Limited,mai,SERVICE,-,
17,MEGA,MEGA LIFESCIENCES PUBLIC COMPANY LIMITED,SET,SERVICE,COMM,
18,MENA,MENA TRANSPORT PUBLIC COMPANY LIMITED,SET,SERVICE,TRANS,
19,META,META CORPORATION PUBLIC COMPANY LIMITED,mai,PROPCON,-,
20,METCO,MURAMOTO ELECTRON (THAILAND) PUBLIC COMPANY LIMITED,SET,TECH,ETRON,
21,MFC,MFC ASSET MANAGEMENT PUBLIC COMPANY LIMITED,SET,FINCIAL,FIN,
22,MFEC,MFEC PUBLIC COMPANY LIMITED,SET,TECH,ICT,
23,MGT,MEGACHEM (THAILAND) PUBLIC COMPANY LIMITED,mai,INDUS,-,
24,MICRO,MICRO LEASING PUBLIC COMPANY LIMITED,SET,FINCIAL,FIN,
25,MIDA,MIDA ASSETS PUBLIC COMPANY LIMITED,SET,SERVICE,COMM,
26,M-II,MFC INDUSTRIAL INVESTMENT PROPERTY AND LEASEHOLD FUND,SET,PROPCON,PF&REIT,
27,MILL,MILLCON STEEL PUBLIC COMPANY LIMITED,SET,INDUS,STEEL,
28,MINT,MINOR INTERNATIONAL PUBLIC COMPANY LIMITED,SET,AGRO,FOOD,
29,MIPF,MILLIONAIRE PROPERTY FUND,SET,PROPCON,PF&REIT,
30,MIT,MFC INDUSTRIAL REAL ESTATE INVESTMENT TRUST,SET,PROPCON,PF&REIT,
31,MITSIB,MITSIB LEASING PUBLIC COMPANY LIMITED,mai,FINCIAL,-,
32,MJD,MAJOR DEVELOPMENT PUBLIC COMPANY LIMITED,SET,PROPCON,PROP,
33,MJLF,MAJOR CINEPLEX LIFESTYLE LEASEHOLD PROPERTY FUND,SET,PROPCON,PF&REIT,
34,MK,M.K. REAL ESTATE DEVELOPMENT PUBLIC COMPANY LIMITED,SET,PROPCON,PROP,
35,ML,"MIDA LEASING PUBLIC CO., LTD.",SET,FINCIAL,FIN,
36,MNIT,MFC-NICHADA THANI PROPERTY FUND,SET,PROPCON,PF&REIT,
37,MNIT2,NICHADA THANI PROPERTY FUND 2,SET,PROPCON,PF&REIT,
38,MNRF,MULTI-NATIONAL RESIDENCE FUND,SET,PROPCON,PF&REIT,
39,MODERN,MODERNFORM GROUP PUBLIC COMPANY LIMITED,SET,CONSUMP,HOME,
40,MONO,MONO NEXT PUBLIC COMPANY LIMITED,SET,SERVICE,MEDIA,
41,MOONG,MOONG PATTANA INTERNATIONAL PUBLIC COMPANY LIMITED,mai,CONSUMP,-,
42,MORE,MORE RETURN PUBLIC COMPANY LIMITED,mai,SERVICE,-,
43,MOSHI,Moshi Moshi Retail Corporation Public Company Limited,SET,SERVICE,COMM,
44,M-PAT,MFC PATONG HERITAGE PROPERTY FUND,SET,PROPCON,PF&REIT,
45,MPIC,M PICTURES ENTERTAINMENT PUBLIC COMPANY LIMITED,SET,SERVICE,MEDIA,
46,MSC,METRO SYSTEMS CORPORATION PUBLIC COMPANY LIMITED,SET,TECH,ICT,
47,MST,MAYBANK SECURITIES (THAILAND) PUBLIC COMPANY LIMITED,SET,FINCIAL,FIN,
48,M-STOR,MFC-STRATEGIC STORAGE FUND,SET,PROPCON,PF&REIT,
49,MTC,MUANGTHAI CAPITAL PUBLIC COMPANY LIMITED,SET,FINCIAL,FIN,
50,MTI,MUANG THAI INSURANCE PUBLIC COMPANY LIMITED,SET,FINCIAL,INSUR,
51,MTW,MAKE TO WIN HOLDING PUBLIC COMPANY LIMITED,mai,INDUS,-,
52,MUD,MUD & HOUND PUBLIC COMPANY LIMITED,mai,AGRO,-,
53,MVP,M VISION PUBLIC COMPANY LIMITED,mai,SERVICE,-,
54,NATION,NATION GROUP (THAILAND) PUBLIC COMPANY LIMITED,SET,SERVICE,MEDIA,
55,NC,NEWCITY (BANGKOK) PUBLIC COMPANY LIMITED,SET,CONSUMP,FASHION,
56,NCAP,NEXT CAPITAL PUBLIC COMPANY LIMITED,SET,FINCIAL,FIN,
57,NCH,N. C. HOUSING PUBLIC COMPANY LIMITED,SET,PROPCON,PROP,
58,NCL,NCL INTERNATIONAL LOGISTICS PUBLIC COMPANY LIMITED,mai,SERVICE,-,
59,NDR,N.D. RUBBER PUBLIC COMPANY LIMITED,mai,INDUS,-,
60,NEP,NEP REALTY AND INDUSTRY PUBLIC COMPANY LIMITED,SET,INDUS,PKG,
61,NER,NORTH EAST RUBBER PUBLIC COMPANY LIMITED,SET,AGRO,AGRI,
62,NETBAY,NETBAY PUBLIC COMPANY LIMITED,mai,TECH,-,
63,NEW,WATTANA KARNPAET PUBLIC COMPANY LIMITED,SET,SERVICE,HELTH,
64,NEWS,NEWS NETWORK CORPORATION PUBLIC COMPANY LIMITED,mai,SERVICE,-,
65,NEX,NEX POINT PUBLIC COMPANY LIMITED,SET,TECH,ETRON,
66,NFC,NFC PUBLIC COMPANY LIMITED,SET,INDUS,PETRO,
67,NINE,NATION INTERNATIONAL EDUTAINMENT PUBLIC COMPANY LIMITED,mai,SERVICE,-,
68,NKI,THE NAVAKIJ INSURANCE PUBLIC COMPANY LIMITED,SET,FINCIAL,INSUR,
69,NNCL,NAVANAKORN PUBLIC COMPANY LIMITED,SET,PROPCON,PROP,
70,NOBLE,NOBLE DEVELOPMENT PUBLIC COMPANY LIMITED,SET,PROPCON,PROP,
71,NOK,NOK AIRLINES PUBLIC COMPANY LIMITED,SET,SERVICE,TRANS,
72,NOVA,NOVA EMPIRE PUBLIC COMPANY LIMITED,SET,RESOURC,ENERG,
73,NPK,NEW PLUS KNITTING PUBLIC COMPANY LIMITED,mai,CONSUMP,-,
74,NRF,NR INSTANT PRODUCE PUBLIC COMPANY LIMITED,SET,AGRO,FOOD,
75,NSI,NAM SENG INSURANCE PUBLIC COMPANY LIMITED,SET,FINCIAL,INSUR,
76,NSL,NSL FOODS PUBLIC COMPANY LIMITED,SET,AGRO,FOOD,
77,NTSC,Nutrition SC Public Company Limited,mai,AGRO,-,
78,NTV,NONTHAVEJ HOSPITAL PUBLIC COMPANY LIMITED,SET,SERVICE,HELTH,
79,NUSA,NUSASIRI PUBLIC COMPANY LIMITED,SET,PROPCON,PROP,
80,NV,NOVA ORGANIC PUBLIC COMPANY LIMITED,SET,CONSUMP,PERSON,
81,NVD,NIRVANA DAII PUBLIC COMPANY LIMITED,SET,PROPCON,PROP,
82,NWR,NAWARAT PATANAKARN PUBLIC COMPANY LIMITED,SET,PROPCON,CONS,
83,NYT,NAMYONG TERMINAL PUBLIC COMPANY LIMITED,SET,SERVICE,TRANS,
84,OCC,O.C.C. PUBLIC COMPANY LIMITED,SET,CONSUMP,PERSON,
85,OGC,OCEAN GLASS PUBLIC COMPANY LIMITED,SET,CONSUMP,HOME,
86,OHTL,OHTL PUBLIC COMPANY LIMITED,SET,SERVICE,TOURISM,
87,OISHI,OISHI GROUP PUBLIC COMPANY LIMITED,SET,AGRO,FOOD,
88,ONEE,THE ONE ENTERPRISE PUBLIC COMPANY LIMITED,SET,SERVICE,MEDIA,
89,OR,PTT OIL AND RETAIL BUSINESS PUBLIC COMPANY LIMITED,SET,RESOURC,ENERG,
90,ORI,ORIGIN PROPERTY PUBLIC COMPANY LIMITED,SET,PROPCON,PROP,
91,OSP,OSOTSPA PUBLIC COMPANY LIMITED,SET,AGRO,FOOD,
92,OTO,ONE TO ONE CONTACTS PUBLIC COMPANY LIMITED,mai,SERVICE,-,
93,PACE,PACE DEVELOPMENT CORPORATION PUBLIC COMPANY LIMITED,SET,PROPCON,PROP,
94,PACO,PRESIDENT AUTOMOBILE INDUSTRIES PUBLIC COMPANY LIMITED,mai,INDUS,-,
95,PAF,PAN ASIA FOOTWEAR PUBLIC COMPANY LIMITED,SET,CONSUMP,FASHION,
96,PAP,PACIFIC PIPE PUBLIC COMPANY LIMITED,SET,INDUS,STEEL,
97,PATO,PATO CHEMICAL INDUSTRY PUBLIC COMPANY LIMITED,SET,INDUS,PETRO,
98,PB,PRESIDENT BAKERY PUBLIC COMPANY LIMITED,SET,AGRO,FOOD,
99,PCC,Precise Corporation Public Company Limited,SET,RESOURC,ENERG,
0,PCSGH,P.C.S. MACHINE GROUP HOLDING PUBLIC COMPANY LIMITED,SET,INDUS,AUTO,
1,PDG,PRODIGY PUBLIC COMPANY LIMITED,mai,INDUS,-,
2,PDJ,PRANDA JEWELRY PUBLIC COMPANY LIMITED,SET,CONSUMP,FASHION,
3,PEACE,PEACE & LIVING PUBLIC COMPANY LIMITED,SET,PROPCON,PROP,
4,PERM,PERMSIN STEEL WORKS PUBLIC COMPANY LIMITED,SET,INDUS,STEEL,
5,PF,PROPERTY PERFECT PUBLIC COMPANY LIMITED,SET,PROPCON,PROP,
6,PG,PEOPLE'S GARMENT PUBLIC COMPANY LIMITED,SET,CONSUMP,FASHION,
7,PHOL,PHOL DHANYA PUBLIC COMPANY LIMITED,mai,SERVICE,-,
8,PICO,PICO (THAILAND) PUBLIC COMPANY LIMITED,mai,SERVICE,-,
9,PIMO,PIONEER MOTOR PUBLIC COMPANY LIMITED,mai,INDUS,-,
10,PIN,PINTHONG INDUSTRIAL PARK PUBLIC COMPANY LIMITED,SET,PROPCON,PROP,
11,PJW,PANJAWATTANA PLASTIC PUBLIC COMPANY LIMITED,mai,INDUS,-,
12,PK,PATKOL PUBLIC COMPANY LIMITED,SET,INDUS,IMM,
13,PL,PHATRA LEASING PUBLIC COMPANY LIMITED,SET,FINCIAL,FIN,
14,PLANB,PLAN B MEDIA PUBLIC COMPANY LIMITED,SET,SERVICE,MEDIA,
15,PLANET,PLANET COMMUNICATIONS ASIA PUBLIC COMPANY LIMITED,mai,TECH,-,
16,PLAT,THE PLATINUM GROUP PUBLIC COMPANY LIMITED,SET,PROPCON,PROP,
17,PLE,POWER LINE ENGINEERING PUBLIC COMPANY LIMITED,SET,PROPCON,CONS,
18,PLUS,Royal Plus Public Company Limited,SET,AGRO,FOOD,
19,PM,PREMIER MARKETING PUBLIC COMPANY LIMITED,SET,AGRO,FOOD,
20,PMTA,PM THORESEN ASIA HOLDINGS PUBLIC COMPANY LIMITED,SET,INDUS,PETRO,
21,POLAR,POLARIS CAPITAL PUBLIC COMPANY LIMITED,SET,PROPCON,PROP,
22,POLY,Polynet Public Company Limited,SET,INDUS,AUTO,
23,POMPUI,KUANG PEI SAN FOOD PRODUCTS PUBLIC COMPANY LIMITED,SET,-,REHABCO,
24,POPF,PRIME OFFICE LEASEHOLD PROPERTY FUND,SET,PROPCON,PF&REIT,
25,PORT,SAHATHAI TERMINAL PUBLIC COMPANY LIMITED,SET,SERVICE,TRANS,
26,POST,BANGKOK POST PUBLIC COMPANY LIMITED,SET,SERVICE,MEDIA,
27,PPF,PINTHONG INDUSTRIAL PARK PROPERTY FUND,SET,PROPCON,PF&REIT,
28,PPM,PORN PROM METAL PUBLIC COMPANY LIMITED,mai,INDUS,-,
29,PPP,PREMIER PRODUCTS PUBLIC COMPANY LIMITED,SET,PROPCON,CONMAT,
30,PPPM,PP PRIME PUBLIC COMPANY LIMITED,SET,AGRO,AGRI,
31,PPS,PROJECT PLANNING SERVICE PUBLIC COMPANY LIMITED,mai,PROPCON,-,
32,PQS,Premier Quality Starch Public Company Limited,SET,AGRO,FOOD,
33,PR9,PRARAM 9 HOSPITAL PUBLIC COMPANY LIMITED,SET,SERVICE,HELTH,
34,PRAKIT,PRAKIT HOLDINGS PUBLIC COMPANY LIMITED,SET,SERVICE,MEDIA,
35,PRAPAT,PEERAPAT TECHNOLOGY PUBLIC COMPANY LIMITED,mai,INDUS,-,
36,PREB,PRE-BUILT PUBLIC COMPANY LIMITED,SET,PROPCON,CONS,
37,PRECHA,PREECHA GROUP PUBLIC COMPANY LIMITED,SET,PROPCON,PROP,
38,PRG,PRG CORPORATION PUBLIC COMPANY LIMITED,SET,AGRO,FOOD,
39,PRI,Primo Service Solutions Public Company Limited,mai,PROPCON,-,
40,PRIME,PRIME ROAD POWER PUBLIC COMPANY LIMITED,SET,RESOURC,ENERG,
41,PRIN,PRINSIRI PUBLIC COMPANY LIMITED,SET,PROPCON,PROP,
42,PRINC,PRINCIPAL CAPITAL PUBLIC COMPANY LIMITED,SET,SERVICE,HELTH,
43,PRM,PRIMA MARINE PUBLIC COMPANY LIMITED,SET,SERVICE,TRANS,
44,PRO,PROFESSIONAL WASTE TECHNOLOGY (1999) PUBLIC COMPANY LIMITED,SET,SERVICE,PROF,
45,PROEN,PROEN CORP PUBLIC COMPANY LIMITED,mai,TECH,-,
46,PROS,PROSPER ENGINEERING PUBLIC COMPANY LIMITED,mai,PROPCON,-,
47,PROSPECT,PROSPECT LOGISTICS AND INDUSTRIAL FREEHOLD AND LEASEHOLD REAL ESTATE INVESTMENT TRUST,SET,PROPCON,PF&REIT,
48,PROUD,PROUD REAL ESTATE PUBLIC COMPANY LIMITED,mai,PROPCON,-,
49,PRTR,PRTR Group Public Company Limited,SET,SERVICE,PROF,
50,PSG,PSG CORPORATION PUBLIC COMPANY LIMITED,mai,PROPCON,-,
51,PSH,PRUKSA HOLDING PUBLIC COMPANY LIMITED,SET,PROPCON,PROP,
52,PSL,PRECIOUS SHIPPING PUBLIC COMPANY LIMITED,SET,SERVICE,TRANS,
53,PSTC,POWER SOLUTION TECHNOLOGIES PUBLIC COMPANY LIMITED,mai,RESOURC,-,
54,PT,PREMIER TECHNOLOGY PUBLIC COMPANY LIMITED,SET,TECH,ICT,
55,PTC,PREMIER TANK CORPORATION PUBLIC COMPANY LIMITED,mai,RESOURC,-,
56,PTECH,PLUS TECH INNOVATION PUBLIC COMPANY LIMITED,SET,SERVICE,MEDIA,
57,PTG,PTG ENERGY PUBLIC COMPANY LIMITED,SET,RESOURC,ENERG,
58,PTL,POLYPLEX (THAILAND) PUBLIC COMPANY LIMITED,SET,INDUS,PKG,
59,PTT,PTT PUBLIC COMPANY LIMITED,SET,RESOURC,ENERG,
60,PTTEP,PTT EXPLORATION AND PRODUCTION PUBLIC COMPANY LIMITED,SET,RESOURC,ENERG,
61,PTTGC,PTT GLOBAL CHEMICAL PUBLIC COMPANY LIMITED,SET,INDUS,PETRO,
62,PYLON,PYLON PUBLIC COMPANY LIMITED,SET,PROPCON,CONS,
63,Q-CON,QUALITY CONSTRUCTION PRODUCTS PUBLIC COMPANY LIMITED,SET,PROPCON,CONMAT,
64,QH,QUALITY HOUSES PUBLIC COMPANY LIMITED,SET,PROPCON,PROP,
65,QHHR,QUALITY HOUSES HOTEL AND RESIDENCE FREEHOLD AND LEASEHOLD PROPERTY FUND,SET,PROPCON,PF&REIT,
66,QHOP,QUALITY HOSPITALITY LEASEHOLD PROPERTY FUND,SET,PROPCON,PF&REIT,
67,QHPF,QUALITY HOUSES LEASEHOLD PROPERTY FUND,SET,PROPCON,PF&REIT,
68,QLT,QUALITECH PUBLIC COMPANY LIMITED,mai,SERVICE,-,
69,QTC,QTC ENERGY PUBLIC COMPANY LIMITED,SET,RESOURC,ENERG,
70,RABBIT,RABBIT HOLDINGS PUBLIC COMPANY LIMITED,SET,PROPCON,PROP,
71,RAM,RAMKHAMHAENG HOSPITAL PUBLIC COMPANY LIMITED,SET,SERVICE,HELTH,
72,RATCH,RATCH GROUP PUBLIC COMPANY LIMITED,SET,RESOURC,ENERG,
73,RBF,R&B FOOD SUPPLY PUBLIC COMPANY LIMITED,SET,AGRO,FOOD,
74,RCL,REGIONAL CONTAINER LINES PUBLIC COMPANY LIMITED,SET,SERVICE,TRANS,
75,READY,READYPLANET PUBLIC COMPANY LIMITED,mai,TECH,-,
76,RICHY,RICHY PLACE 2002 PUBLIC COMPANY LIMITED,SET,PROPCON,PROP,
77,RJH,RAJTHANEE HOSPITAL PUBLIC COMPANY LIMITED,SET,SERVICE,HELTH,
78,RML,RAIMON LAND PUBLIC COMPANY LIMITED,SET,PROPCON,PROP,
79,ROCK,ROCKWORTH PUBLIC COMPANY LIMITED,SET,CONSUMP,HOME,
80,ROH,ROYAL ORCHID HOTEL (THAILAND) PUBLIC COMPANY LIMITED,SET,SERVICE,TOURISM,
81,ROJNA,ROJANA INDUSTRIAL PARK PUBLIC COMPANY LIMITED,SET,PROPCON,PROP,
82,RP,RAJA FERRY PORT PUBLIC COMPANY LIMITED,mai,SERVICE,-,
83,RPC,RPCG PUBLIC COMPANY LIMITED,SET,RESOURC,ENERG,
84,RPH,RATCHAPHRUEK HOSPITAL PUBLIC COMPANY LIMITED,SET,SERVICE,HELTH,
85,RS,RS PUBLIC COMPANY LIMITED,SET,SERVICE,COMM,
86,RSP,RICH SPORT PUBLIC COMPANY LIMITED,SET,SERVICE,COMM,
87,RT,RIGHT TUNNELLING PUBLIC COMPANY LIMITED,SET,PROPCON,CONS,
88,RWI,RAYONG WIRE INDUSTRIES PUBLIC COMPANY LIMITED,mai,INDUS,-,
89,S,SINGHA ESTATE PUBLIC COMPANY LIMITED,SET,PROPCON,PROP,
90,S&J,S & J INTERNATIONAL ENTERPRISES PUBLIC COMPANY LIMITED,SET,CONSUMP,PERSON,
91,S11,S 11 GROUP PUBLIC COMPANY LIMITED,SET,FINCIAL,FIN,
92,SA,SIAMESE ASSET PUBLIC COMPANY LIMITED,SET,PROPCON,PROP,
93,SAAM,SAAM DEVELOPMENT PUBLIC COMPANY LIMITED,mai,RESOURC,-,
94,SABINA,SABINA PUBLIC COMPANY LIMITED,SET,CONSUMP,FASHION,
95,SABUY,SABUY TECHNOLOGY PUBLIC COMPANY LIMITED,SET,SERVICE,COMM,
96,SAF,S.A.F. SPECIAL STEEL PUBLIC COMPANY LIMITED,mai,INDUS,-,
97,SAFARI,SAFARI WORLD PUBLIC COMPANY LIMITED,SET,-,REHABCO,
98,SAK,SAKSIAM LEASING PUBLIC COMPANY LIMITED,SET,FINCIAL,FIN,
99,SALEE,SALEE INDUSTRY PUBLIC COMPANY LIMITED,mai,INDUS,-,
0,SAM,SAMCHAI STEEL INDUSTRIES PUBLIC COMPANY LIMITED,SET,INDUS,STEEL,
1,SAMART,SAMART CORPORATION PUBLIC COMPANY LIMITED,SET,TECH,ICT,
2,SAMCO,SAMMAKORN PUBLIC COMPANY LIMITED,SET,PROPCON,PROP,
3,SAMTEL,SAMART TELCOMS PUBLIC COMPANY LIMITED,SET,TECH,ICT,
4,SANKO,SANKO DIECASTING (THAILAND) PUBLIC COMPANY LIMITED,mai,INDUS,-,
5,SAPPE,SAPPE PUBLIC COMPANY LIMITED,SET,AGRO,FOOD,
6,SAT,SOMBOON ADVANCE TECHNOLOGY PUBLIC COMPANY LIMITED,SET,INDUS,AUTO,
7,SAUCE,THAITHEPAROS PUBLIC COMPANY LIMITED,SET,AGRO,FOOD,
8,SAWAD,SRISAWAD CORPORATION PUBLIC COMPANY LIMITED,SET,FINCIAL,FIN,
9,SAWANG,SAWANG EXPORT PUBLIC COMPANY LIMITED,SET,CONSUMP,FASHION,
10,SC,SC ASSET CORPORATION PUBLIC COMPANY LIMITED,SET,PROPCON,PROP,
11,SCAP,SRISAWAD CAPITAL 1969 PUBLIC COMPANY LIMITED,SET,FINCIAL,FIN,
12,SCB,SCB X PUBLIC COMPANY LIMITED,SET,FINCIAL,BANK,
13,SCC,THE SIAM CEMENT PUBLIC COMPANY LIMITED,SET,PROPCON,CONMAT,
14,SCCC,SIAM CITY CEMENT PUBLIC COMPANY LIMITED,SET,PROPCON,CONMAT,
15,SCG,SAHACOGEN (CHONBURI) PUBLIC COMPANY LIMITED,SET,RESOURC,ENERG,
16,SCGP,SCG PACKAGING PUBLIC COMPANY LIMITED,SET,INDUS,PKG,
17,SCI,SCI ELECTRIC PUBLIC COMPANY LIMITED,SET,RESOURC,ENERG,
18,SCM,SUCCESSMORE BEING PUBLIC COMPANY LIMITED,SET,SERVICE,COMM,
19,SCN,SCAN INTER PUBLIC COMPANY LIMITED,SET,RESOURC,ENERG,
20,SCP,SOUTHERN CONCRETE PILE PUBLIC COMPANY LIMITED,SET,PROPCON,CONMAT,
21,SDC,SAMART DIGITAL PUBLIC COMPANY LIMITED,SET,TECH,ICT,
22,SE,SIAMEAST SOLUTIONS PUBLIC COMPANY LIMITED,mai,SERVICE,-,
23,SEAFCO,SEAFCO PUBLIC COMPANY LIMITED,SET,PROPCON,CONS,
24,SEAOIL,SEA OIL PUBLIC COMPANY LIMITED,mai,RESOURC,-,
25,SECURE,NFORCE SECURE PUBLIC COMPANY LIMITED,mai,TECH,-,
26,SE-ED,SE-EDUCATION PUBLIC COMPANY LIMITED,SET,SERVICE,MEDIA,
27,SELIC,SELIC CORP PUBLIC COMPANY LIMITED,mai,INDUS,-,
28,SENA,SENADEVELOPMENT PUBLIC COMPANY LIMITED,SET,PROPCON,PROP,
29,SENAJ,SENA J PROPERTY PUBLIC COMPANY LIMITED,mai,PROPCON,-,
30,SFLEX,STARFLEX PUBLIC COMPANY LIMITED,SET,INDUS,PKG,
31,SFP,SIAM FOOD PRODUCTS PUBLIC COMPANY LIMITED,SET,AGRO,FOOD,
32,SFT,SHRINKFLEX (THAILAND) PUBLIC COMPANY LIMITED,mai,INDUS,-,
33,SGC,SG Capital Public Company Limited,SET,FINCIAL,FIN,
34,SGF,SGF CAPITAL PUBLIC COMPANY LIMITED,mai,FINCIAL,-,
35,SGP,SIAMGAS AND PETROCHEMICALS PUBLIC COMPANY LIMITED,SET,RESOURC,ENERG,
36,SHANG,SHANGRI-LA HOTEL PUBLIC COMPANY LIMITED,SET,SERVICE,TOURISM,
37,SHR,S HOTELS AND RESORTS PUBLIC COMPANY LIMITED,SET,SERVICE,TOURISM,
38,SHREIT,STRATEGIC HOSPITALITY EXTENDABLE FREEHOLD AND LEASEHOLD REAL ESTATE INVESTMENT TRUST,SET,PROPCON,PF&REIT,
39,SIAM,SIAM STEEL INTERNATIONAL PUBLIC COMPANY LIMITED,SET,CONSUMP,HOME,
40,SICT,SILICON CRAFT TECHNOLOGY PUBLIC COMPANY LIMITED,mai,TECH,-,
41,SIMAT,SIMAT TECHNOLOGIES PUBLIC COMPANY LIMITED,mai,TECH,-,
42,SINGER,SINGER THAILAND PUBLIC COMPANY LIMITED,SET,SERVICE,COMM,
43,SIRI,SANSIRI PUBLIC COMPANY LIMITED,SET,PROPCON,PROP,
44,SIRIP,SIRI PRIME OFFICE PROPERTY FUND,SET,PROPCON,PF&REIT,
45,SIS,SIS DISTRIBUTION (THAILAND) PUBLIC COMPANY LIMITED,SET,TECH,ICT,
46,SISB,SISB PUBLIC COMPANY LIMITED,SET,SERVICE,PROF,
47,SITHAI,SRITHAI SUPERWARE PUBLIC COMPANY LIMITED,SET,INDUS,PKG,
48,SJWD,SCGJWD LOGISTICS PUBLIC COMPANY LIMITED,SET,SERVICE,TRANS,
49,SK,SIRAKORN PUBLIC COMPANY LIMITED,mai,PROPCON,-,
50,SKE,SAKOL ENERGY PUBLIC COMPANY LIMITED,SET,RESOURC,ENERG,
51,SKN,S.KIJCHAI ENTERPRISE PUBLIC COMPANY LIMITED,SET,PROPCON,CONMAT,
52,SKR,SIKARIN PUBLIC COMPANY LIMITED,SET,SERVICE,HELTH,
53,SKY,SKY ICT PUBLIC COMPANY LIMITED,SET,TECH,ICT,
54,SLM,SLM CORPORATION PUBLIC COMPANY LIMITED,mai,SERVICE,-,
55,SLP,SALEE PRINTING PUBLIC COMPANY LIMITED,SET,INDUS,PKG,
56,SM,STAR MONEY PUBLIC COMPANY LIMITED,SET,FINCIAL,FIN,
57,SMART,SMART CONCRETE PUBLIC COMPANY LIMITED,mai,PROPCON,-,
58,SMD,SAINTMED PUBLIC COMPANY LIMITED,mai,CONSUMP,-,
59,SMIT,SAHAMIT MACHINERY PUBLIC COMPANY LIMITED,SET,INDUS,STEEL,
60,SMK,SYN MUN KONG INSURANCE PUBLIC COMPANY LIMITED,SET,FINCIAL,INSUR,
61,SMPC,SAHAMITR PRESSURE CONTAINER PUBLIC COMPANY LIMITED,SET,INDUS,PKG,
62,SMT,STARS MICROELECTRONICS (THAILAND) PUBLIC COMPANY LIMITED,SET,TECH,ETRON,
63,SNC,SNC FORMER PUBLIC COMPANY LIMITED,SET,INDUS,IMM,
64,SNNP,SRINANAPORN MARKETING PUBLIC COMPANY LIMITED,SET,AGRO,FOOD,
65,SNP,S & P SYNDICATE PUBLIC COMPANY LIMITED,SET,AGRO,FOOD,
66,SO,SIAMRAJATHANEE PUBLIC COMPANY LIMITED,SET,SERVICE,PROF,
67,SOLAR,SOLARTRON PUBLIC COMPANY LIMITED,SET,RESOURC,ENERG,
68,SONIC,SONIC INTERFREIGHT PUBLIC COMPANY LIMITED,mai,SERVICE,-,
69,SORKON,S. KHONKAEN FOODS PUBLIC COMPANY LIMITED,SET,AGRO,FOOD,
70,SPA,SIAM WELLNESS GROUP PUBLIC COMPANY LIMITED,mai,SERVICE,-,
71,SPACK,S. PACK & PRINT PUBLIC COMPANY LIMITED,SET,INDUS,PKG,
72,SPALI,SUPALAI PUBLIC COMPANY LIMITED,SET,PROPCON,PROP,
73,SPC,SAHA PATHANAPIBUL PUBLIC COMPANY LIMITED,SET,SERVICE,COMM,
74,SPCG,SPCG PUBLIC COMPANY LIMITED,SET,RESOURC,ENERG,
75,SPG,THE SIAM PAN GROUP PUBLIC COMPANY LIMITED,SET,INDUS,AUTO,
76,SPI,SAHA PATHANA INTER-HOLDING PUBLIC COMPANY LIMITED,SET,SERVICE,COMM,
77,SPRC,STAR PETROLEUM REFINING PUBLIC COMPANY LIMITED,SET,RESOURC,ENERG,
78,SPRIME,S PRIME GROWTH LEASEHOLD REAL ESTATE INVESTMENT TRUST,SET,PROPCON,PF&REIT,
79,SPVI,S P V I PUBLIC COMPANY LIMITED,mai,TECH,-,
80,SQ,SAHAKOL EQUIPMENT PUBLIC COMPANY LIMITED,SET,PROPCON,CONS,
81,SR,SIAMRAJ PUBLIC COMPANY LIMITED,mai,RESOURC,-,
82,SRICHA,SRIRACHA CONSTRUCTION PUBLIC COMPANY LIMITED,SET,PROPCON,CONS,
83,SRIPANWA,SRI PANWA HOSPITALITY REAL ESTATE INVESTMENT TRUST,SET,PROPCON,PF&REIT,
84,SSC,SERMSUK PUBLIC COMPANY LIMITED,SET,AGRO,FOOD,
85,SSF,SURAPON FOODS PUBLIC COMPANY LIMITED,SET,AGRO,FOOD,
86,SSP,SERMSANG POWER CORPORATION PUBLIC COMPANY LIMITED,SET,RESOURC,ENERG,
87,SSPF,SALA @ SATHORN PROPERTY FUND,SET,PROPCON,PF&REIT,
88,SSS,STAR SITTHI SOLUTION PUBLIC COMPANY LIMITED,mai,PROPCON,-,
89,SSSC,SIAM STEEL SERVICE CENTER PUBLIC COMPANY LIMITED,SET,INDUS,STEEL,
90,SST,SUB SRI THAI PUBLIC COMPANY LIMITED,SET,AGRO,FOOD,
91,SSTRT,SUB SRI THAI REAL ESTATE INVESTMENT TRUST,SET,PROPCON,PF&REIT,
92,STA,SRI TRANG AGRO-INDUSTRY PUBLIC COMPANY LIMITED,SET,AGRO,AGRI,
93,STANLY,THAI STANLEY ELECTRIC PUBLIC COMPANY LIMITED,SET,INDUS,AUTO,
94,STARK,STARK CORPORATION PUBLIC COMPANY LIMITED,SET,INDUS,IMM,
95,STC,STC CONCRETE PRODUCT PUBLIC COMPANY LIMITED,mai,PROPCON,-,
96,STEC,"SINO-THAI ENGINEERING AND CONSTRUCTION PUBLIC CO.,LTD.",SET,PROPCON,CONS,
97,STECH,SIAM TECHNIC CONCRETE PUBLIC COMPANY LIMITED,SET,PROPCON,CONMAT,
98,STGT,SRI TRANG GLOVES (THAILAND) PUBLIC COMPANY LIMITED,SET,CONSUMP,PERSON,
99,STHAI,"SHUN THAI RUBBER GLOVES INDUSTRY PUBLIC CO., LTD",SET,CONSUMP,PERSON,
0,STI,STONEHENGE INTER PUBLIC COMPANY LIMITED,SET,PROPCON,CONS,
1,STOWER,SKY TOWER PUBLIC COMPANY LIMITED,mai,RESOURC,-,
2,STP,SAHATHAI PRINTING & PACKAGING PUBLIC COMPANY LIMITED,mai,INDUS,-,
3,STPI,STP&I PUBLIC COMPANY LIMITED,SET,PROPCON,CONS,
4,SUC,SAHA-UNION PUBLIC COMPANY LIMITED,SET,CONSUMP,FASHION,
5,SUN,SUNSWEET PUBLIC COMPANY LIMITED,SET,AGRO,FOOD,
6,SUPER,SUPER ENERGY CORPORATION PUBLIC COMPANY LIMITED,SET,RESOURC,ENERG,
7,SUPEREIF,SUPER ENERGY POWER PLANT INFRASTRUCTURE FUND,SET,RESOURC,ENERG,
8,SUSCO,SUSCO PUBLIC COMPANY LIMITED,SET,RESOURC,ENERG,
9,SUTHA,GOLDEN LIME PUBLIC COMPANY LIMITED,SET,INDUS,PETRO,
10,SVI,SVI PUBLIC COMPANY LIMITED,SET,TECH,ETRON,
11,SVOA,SVOA PUBLIC COMPANY LIMITED,SET,TECH,ICT,
12,SVR,SIVAROM REAL ESTATE PUBLIC COMPANY LIMITED,mai,PROPCON,-,
13,SVT,SUN VENDING TECHNOLOGY PUBLIC COMPANY LIMITED,SET,SERVICE,COMM,
14,SWC,SHERWOOD CORPORATION (THAILAND) PUBLIC COMPANY LIMITED,mai,INDUS,-,
15,SYMC,SYMPHONY COMMUNICATION PUBLIC COMPANY LIMITED,SET,TECH,ICT,
16,SYNEX,SYNNEX (THAILAND) PUBLIC COMPANY LIMITED,SET,TECH,ICT,
17,SYNTEC,SYNTEC CONSTRUCTION PUBLIC COMPANY LIMITED,SET,PROPCON,CONS,
18,TACC,T.A.C. CONSUMER PUBLIC COMPANY LIMITED,mai,AGRO,-,
19,TAE,THAI AGRO ENERGY PUBLIC COMPANY LIMITED,SET,RESOURC,ENERG,
20,TAKUNI,TAKUNI GROUP PUBLIC COMPANY LIMITED,mai,RESOURC,-,
21,TAPAC,TAPACO PUBLIC COMPANY LIMITED,mai,PROPCON,-,
22,TASCO,TIPCO ASPHALT PUBLIC COMPANY LIMITED,SET,PROPCON,CONMAT,
23,TC,TROPICAL CANNING (THAILAND) PUBLIC COMPANY LIMITED,SET,AGRO,FOOD,
24,TCAP,THANACHART CAPITAL PUBLIC COMPANY LIMITED,SET,FINCIAL,BANK,
25,TCC,THAI CAPITAL CORPORATION PUBLIC COMPANY LIMITED,SET,RESOURC,ENERG,
26,TCCC,THAI CENTRAL CHEMICAL PUBLIC COMPANY LIMITED,SET,INDUS,PETRO,
27,TCJ,T.C.J. ASIA PUBLIC COMPANY LIMITED,SET,INDUS,IMM,
28,TCMC,TCM CORPORATION PUBLIC COMPANY LIMITED,SET,CONSUMP,HOME,
29,TCOAT,THAI COATING INDUSTRIAL PUBLIC COMPANY LIMITED,SET,INDUS,PKG,
30,TEAM,TEAM PRECISION PUBLIC COMPANY LIMITED,SET,TECH,ETRON,
31,TEAMG,TEAM CONSULTING ENGINEERING AND MANAGEMENT PUBLIC COMPANY LIMITED,SET,PROPCON,CONS,
32,TEGH,Thai Eastern Group Holdings Public Company Limited,SET,AGRO,AGRI,
33,TEKA,TEKA CONSTRUCTION PUBLIC COMPANY LIMITED,SET,PROPCON,CONS,
34,TFFIF,THAILAND FUTURE FUND,SET,SERVICE,TRANS,
35,TFG,THAIFOODS GROUP PUBLIC COMPANY LIMITED,SET,AGRO,FOOD,
36,TFI,THAI FILM INDUSTRIES PUBLIC COMPANY LIMITED,SET,INDUS,PKG,
37,TFM,THAI UNION FEEDMILL PUBLIC COMPANY LIMITED,SET,AGRO,AGRI,
38,TFMAMA,THAI PRESIDENT FOODS PUBLIC COMPANY LIMITED,SET,AGRO,FOOD,
39,TGE,THACHANG GREEN ENERGY PUBLIC COMPANY LIMITED,SET,RESOURC,ENERG,
40,TGH,THAI GROUP HOLDINGS PUBLIC COMPANY LIMITED,SET,FINCIAL,INSUR,
41,TGPRO,THAI-GERMAN PRODUCTS PUBLIC COMPANY LIMITED,SET,INDUS,STEEL,
42,TH,TONG HUA HOLDING PUBLIC COMPANY LIMITED,SET,FINCIAL,FIN,
43,THAI,THAI AIRWAYS INTERNATIONAL PUBLIC COMPANY LIMITED,SET,SERVICE,TRANS,
44,THANA,THANASIRI GROUP PUBLIC COMPANY LIMITED,mai,PROPCON,-,
45,THANI,RATCHTHANI LEASING PUBLIC COMPANY LIMITED,SET,FINCIAL,FIN,
46,THCOM,THAICOM PUBLIC COMPANY LIMITED,SET,TECH,ICT,
47,THE,THE STEEL PUBLIC COMPANY LIMITED,SET,INDUS,STEEL,
48,THG,THONBURI HEALTHCARE GROUP PUBLIC COMPANY LIMITED,SET,SERVICE,HELTH,
49,THIP,THANTAWAN INDUSTRY PUBLIC COMPANY LIMITED,SET,INDUS,PKG,
50,THL,TONGKAH HARBOUR PUBLIC COMPANY LIMITED,SET,RESOURC,MINE,
51,THMUI,THAI MUI CORPORATION PUBLIC COMPANY LIMITED,mai,SERVICE,-,
52,THRE,THAI REINSURANCE PUBLIC COMPANY LIMITED,SET,FINCIAL,INSUR,
53,THREL,THAIRE LIFE ASSURANCE PUBLIC COMPANY LIMITED,SET,FINCIAL,INSUR,
54,TIDLOR,NGERN TID LOR PUBLIC COMPANY LIMITED,SET,FINCIAL,FIN,
55,TIF1,THAI INDUSTRIAL FUND 1,SET,PROPCON,PF&REIT,
56,TIGER,THAI ENGER HOLDING PUBLIC COMPANY LIMITED,mai,PROPCON,-,
57,TIPCO,TIPCO FOODS PUBLIC COMPANY LIMITED,SET,AGRO,FOOD,
58,TIPH,DHIPAYA GROUP HOLDINGS PUBLIC COMPANY LIMITED,SET,FINCIAL,INSUR,
59,TISCO,TISCO FINANCIAL GROUP PUBLIC COMPANY LIMITED,SET,FINCIAL,BANK,
60,TITLE,RHOM BHO PROPERTY PUBLIC COMPANY LIMITED,mai,PROPCON,-,
61,TK,THITIKORN PUBLIC COMPANY LIMITED,SET,FINCIAL,FIN,
62,TKC,TURNKEY COMMUNICATION SERVICES PUBLIC COMPANY LIMITED,SET,TECH,ICT,
63,TKN,TAOKAENOI FOOD & MARKETING PUBLIC COMPANY LIMITED,SET,AGRO,FOOD,
64,TKS,T.K.S. TECHNOLOGIES PUBLIC COMPANY LIMITED,SET,SERVICE,MEDIA,
65,TKT,T.KRUNGTHAI INDUSTRIES PUBLIC COMPANY LIMITED,SET,INDUS,AUTO,
66,TLHPF,THAILAND HOSPITALITY PROPERTY FUND,SET,PROPCON,PF&REIT,
67,TLI,THAI LIFE INSURANCE PUBLIC COMPANY LIMITED,SET,FINCIAL,INSUR,
68,TM,TECHNO MEDICAL PUBLIC COMPANY LIMITED,mai,CONSUMP,-,
69,TMC,T.M.C. INDUSTRIAL PUBLIC COMPANY LIMITED,mai,INDUS,-,
70,TMD,THAI METAL DRUM MANUFACTURING PUBLIC COMPANY LIMITED,SET,INDUS,PKG,
71,TMI,TEERA-MONGKOL INDUSTRY PUBLIC COMPANY LIMITED,mai,INDUS,-,
72,TMILL,T S FLOUR MILL PUBLIC COMPANY LIMITED,mai,AGRO,-,
73,TMT,TMT STEEL PUBLIC COMPANY LIMITED,SET,INDUS,STEEL,
74,TMW,THAI MITSUWA PUBLIC COMPANY LIMITED,mai,INDUS,-,
75,TNDT,THAI NONDESTRUCTIVE TESTING PUBLIC COMPANY LIMITED,mai,SERVICE,-,
76,TNH,THAI NAKARIN HOSPITAL PUBLIC COMPANY LIMITED,mai,SERVICE,-,
77,TNITY,TRINITY WATTHANA PUBLIC COMPANY LIMITED,SET,FINCIAL,FIN,
78,TNL,THANULUX PUBLIC COMPANY LIMITED,SET,CONSUMP,FASHION,
79,TNP,THANAPIRIYA PUBLIC COMPANY LIMITED,mai,SERVICE,-,
80,TNPC,THAI NAM PLASTIC PUBLIC COMPANY LIMITED,SET,INDUS,AUTO,
81,TNPF,TRINITY FREEHOLD AND LEASEHOLD PROPERTY FUND,SET,PROPCON,PF&REIT,
82,TNR,THAI NIPPON RUBBER INDUSTRY PUBLIC COMPANY LIMITED,SET,CONSUMP,PERSON,
83,TOA,TOA PAINT (THAILAND) PUBLIC COMPANY LIMITED,SET,PROPCON,CONMAT,
84,TOG,THAI OPTICAL GROUP PUBLIC COMPANY LIMITED,SET,CONSUMP,PERSON,
85,TOP,THAI OIL PUBLIC COMPANY LIMITED,SET,RESOURC,ENERG,
86,TOPP,THAI O.P.P. PUBLIC COMPANY LIMITED,SET,INDUS,PKG,
87,TPA,THAI POLY ACRYLIC PUBLIC COMPANY LIMITED,SET,INDUS,PETRO,
88,TPAC,THAI PLASPAC PUBLIC COMPANY LIMITED,SET,INDUS,PKG,
89,TPBI,TPBI PUBLIC COMPANY LIMITED,SET,INDUS,PKG,
90,TPCH,TPC POWER HOLDING PUBLIC COMPANY LIMITED,mai,RESOURC,-,
91,TPCS,TPCS PUBLIC COMPANY LIMITED,SET,INDUS,IMM,
92,TPIPL,TPI POLENE PUBLIC COMPANY LIMITED,SET,PROPCON,CONMAT,
93,TPIPP,TPI POLENE POWER PUBLIC COMPANY LIMITED,SET,RESOURC,ENERG,
94,TPLAS,THAI PLASTIC INDUSTRIAL (1994) PUBLIC COMPANY LIMITED,mai,INDUS,-,
95,TPOLY,THAI POLYCONS PUBLIC COMPANY LIMITED,SET,PROPCON,CONS,
96,TPP,THAI PACKAGING & PRINTING PUBLIC COMPANY LIMITED,SET,INDUS,PKG,
97,TPRIME,THAILAND PRIME PROPERTY FREEHOLD AND LEASEHOLD REAL ESTATE INVESTMENT TRUST,SET,PROPCON,PF&REIT,
98,TPS,THE PRACTICAL SOLUTION PUBLIC COMPANY LIMITED,mai,TECH,-,
99,TQM,TQM ALPHA PUBLIC COMPANY LIMITED,SET,FINCIAL,INSUR,
0,TQR,TQR PUBLIC COMPANY LIMITED,mai,FINCIAL,-,
1,TR,THAI RAYON PUBLIC COMPANY LIMITED,SET,CONSUMP,FASHION,
2,TRC,TRC CONSTRUCTION PUBLIC COMPANY LIMITED,SET,PROPCON,CONS,
3,TRITN,TRITON HOLDING PUBLIC COMPANY LIMITED,SET,PROPCON,CONS,
4,TRT,TIRATHAI PUBLIC COMPANY LIMITED,mai,RESOURC,-,
5,TRU,THAI RUNG UNION CAR PUBLIC COMPANY LIMITED,SET,INDUS,AUTO,
6,TRUBB,THAI RUBBER LATEX GROUP PUBLIC COMPANY LIMITED,SET,AGRO,AGRI,
7,TRUE,TRUE CORPORATION PUBLIC COMPANY LIMITED,SET,TECH,ICT,
8,TRV,T.R.V. RUBBER PRODUCTS PUBLIC COMPANY LIMITED,mai,INDUS,-,
9,TSC,THAI STEEL CABLE PUBLIC COMPANY LIMITED,SET,INDUS,AUTO,
10,TSE,THAI SOLAR ENERGY PUBLIC COMPANY LIMITED,SET,RESOURC,ENERG,
11,TSF,THREE SIXTY FIVE PUBLIC COMPANY LIMITED,mai,SERVICE,-,
12,TSI,THE THAI SETAKIJ INSURANCE PUBLIC COMPANY LIMITED,SET,FINCIAL,INSUR,
13,TSR,THIENSURAT PUBLIC COMPANY LIMITED,SET,CONSUMP,HOME,
14,TSTE,THAI SUGAR TERMINAL PUBLIC COMPANY LIMITED,SET,SERVICE,TRANS,
15,TSTH,TATA STEEL (THAILAND) PUBLIC COMPANY LIMITED,SET,INDUS,STEEL,
16,TTA,THORESEN THAI AGENCIES PUBLIC COMPANY LIMITED,SET,SERVICE,TRANS,
17,TTB,TMBTHANACHART BANK PUBLIC COMPANY LIMITED,SET,FINCIAL,BANK,
18,TTCL,TTCL PUBLIC COMPANY LIMITED,SET,PROPCON,CONS,
19,TTI,THAI TEXTILE INDUSTRY PUBLIC COMPANY LIMITED,SET,CONSUMP,FASHION,
20,TTLPF,TALAAD THAI LEASEHOLD PROPERTY FUND,SET,PROPCON,PF&REIT,
21,TTT,TORAY TEXTILES (THAILAND) PUBLIC COMPANY LIMITED,SET,CONSUMP,FASHION,
22,TTW,TTW PUBLIC COMPANY LIMITED,SET,RESOURC,ENERG,
23,TU,THAI UNION GROUP PUBLIC COMPANY LIMITED,SET,AGRO,FOOD,
24,TU-PF,T.U. DOME RESIDENTIAL COMPLEX LEASEHOLD PROPERTY FUND,SET,PROPCON,PF&REIT,
25,TVDH,TVD HOLDINGS PUBLIC COMPANY LIMITED,mai,SERVICE,-,
26,TVI,THAIVIVAT INSURANCE PUBLIC COMPANY LIMITED,SET,FINCIAL,INSUR,
27,TVO,THAI VEGETABLE OIL PUBLIC COMPANY LIMITED,SET,AGRO,FOOD,
28,TVT,TV THUNDER PUBLIC COMPANY LIMITED,mai,SERVICE,-,
29,TWP,THAI WIRE PRODUCTS PUBLIC COMPANY LIMITED,SET,INDUS,STEEL,
30,TWPC,THAI WAH PUBLIC COMPANY LIMITED,SET,AGRO,AGRI,
31,TWZ,TWZ CORPORATION PUBLIC COMPANY LIMITED,SET,TECH,ICT,
32,TYCN,"TYCOONS WORLDWIDE GROUP (THAILAND) PUBLIC CO.,LTD.",SET,INDUS,STEEL,
33,UAC,UAC GLOBAL PUBLIC COMPANY LIMITED,SET,INDUS,PETRO,
34,UBA,Utility Business Alliance Public Company Limited,mai,SERVICE,-,
35,UBE,UBON BIO ETHANOL PUBLIC COMPANY LIMITED,SET,RESOURC,ENERG,
36,UBIS,UBIS (ASIA) PUBLIC COMPANY LIMITED,mai,INDUS,-,
37,UEC,UNIMIT ENGINEERING PUBLIC COMPANY LIMITED,mai,INDUS,-,
38,UKEM,UNION PETROCHEMICAL PUBLIC COMPANY LIMITED,mai,INDUS,-,
39,UMI,THE UNION MOSAIC INDUSTRY PUBLIC COMPANY LIMITED,SET,PROPCON,CONMAT,
40,UMS,UNIQUE MINING SERVICES PUBLIC COMPANY LIMITED,mai,RESOURC,-,
41,UNIQ,UNIQUE ENGINEERING AND CONSTRUCTION PUBLIC COMPANY LIMITED,SET,PROPCON,CONS,
42,UOBKH,UOB KAY HIAN SECURITIES (THAILAND) PUBLIC COMPANY LIMITED,SET,FINCIAL,FIN,
43,UP,UNION PLASTIC PUBLIC COMPANY LIMITED,SET,INDUS,PETRO,
44,UPF,UNION PIONEER PUBLIC COMPANY LIMITED,SET,CONSUMP,FASHION,
45,UPOIC,UNITED PALM OIL INDUSTRY PUBLIC COMPANY LIMITED,SET,AGRO,AGRI,
46,URBNPF,URBANA PROPERTY FUND (LEASE HOLD),SET,PROPCON,PF&REIT,
47,UREKA,EUREKA DESIGN PUBLIC COMPANY LIMITED,mai,INDUS,-,
48,UTP,UNITED PAPER PUBLIC COMPANY LIMITED,SET,INDUS,PAPER,
49,UV,UNIVENTURES PUBLIC COMPANY LIMITED,SET,PROPCON,PROP,
50,UVAN,UNIVANICH PALM OIL PUBLIC COMPANY LIMITED,SET,AGRO,AGRI,
51,VARO,VAROPAKORN PUBLIC COMPANY LIMITED,SET,INDUS,IMM,
52,VCOM,VINTCOM TECHNOLOGY PUBLIC COMPANY LIMITED,mai,TECH,-,
53,VGI,VGI PUBLIC COMPANY LIMITED,SET,SERVICE,MEDIA,
54,VIBHA,VIBHAVADI MEDICAL CENTER PUBLIC COMPANY LIMITED,SET,SERVICE,HELTH,
55,VIH,SRIVICHAIVEJVIVAT PUBLIC COMPANY LIMITED,SET,SERVICE,HELTH,
56,VL,V.L. ENTERPRISE PUBLIC COMPANY LIMITED,mai,SERVICE,-,
57,VNG,VANACHAI GROUP PUBLIC COMPANY LIMITED,SET,PROPCON,CONMAT,
58,VPO,VICHITBHAN PALMOIL PUBLIC COMPANY LIMITED,SET,AGRO,AGRI,
59,VRANDA,VERANDA RESORT PUBLIC COMPANY LIMITED,SET,SERVICE,TOURISM,
60,W,WOW FACTOR PUBLIC COMPANY LIMITED,SET,AGRO,FOOD,
61,WACOAL,THAI WACOAL PUBLIC COMPANY LIMITED,SET,CONSUMP,FASHION,
62,WARRIX,Warrix Sport Public Company Limited,mai,CONSUMP,-,
63,WAVE,WAVE ENTERTAINMENT PUBLIC COMPANY LIMITED,SET,SERVICE,MEDIA,
64,WFX,WORLD FLEX PUBLIC COMPANY LIMITED,SET,CONSUMP,FASHION,
65,WGE,WELL GRADED ENGINEERING PUBLIC COMPANY LIMITED,SET,PROPCON,CONS,
66,WHA,WHA CORPORATION PUBLIC COMPANY LIMITED,SET,PROPCON,PROP,
67,WHABT,WHA BUSINESS COMPLEX FREEHOLD AND LEASEHOLD REAL ESTATE INVESTMENT TRUST,SET,PROPCON,PF&REIT,
68,WHAIR,WHA INDUSTRIAL LEASEHOLD REAL ESTATE INVESTMENT TRUST,SET,PROPCON,PF&REIT,
69,WHART,WHA PREMIUM GROWTH FREEHOLD AND LEASEHOLD REAL ESTATE INVESTMENT TRUST,SET,PROPCON,PF&REIT,
70,WHAUP,WHA UTILITIES AND POWER PUBLIC COMPANY LIMITED,SET,RESOURC,ENERG,
71,WICE,WICE LOGISTICS PUBLIC COMPANY LIMITED,SET,SERVICE,TRANS,
72,WIIK,WIIK PUBLIC COMPANY LIMITED,SET,PROPCON,CONMAT,
73,WIN,WYNCOAST INDUSTRIAL PARK PUBLIC COMPANY LIMITED,SET,PROPCON,PROP,
74,WINMED,WINNERGY MEDICAL PUBLIC COMPANY LIMITED,mai,CONSUMP,-,
75,WINNER,WINNER GROUP ENTERPRISE PUBLIC COMPANY LIMITED,mai,SERVICE,-,
76,WORK,WORKPOINT ENTERTAINMENT PUBLIC COMPANY LIMITED,SET,SERVICE,MEDIA,
77,WORLD,WORLD CORPORATION PUBLIC COMPANY LIMITED,SET,-,REHABCO,
78,WP,WP ENERGY PUBLIC COMPANY LIMITED,SET,RESOURC,ENERG,
79,WPH,WATTANAPAT HOSPITAL TRANG PUBLIC COMPANY LIMITED,SET,SERVICE,HELTH,
80,XO,EXOTIC FOOD PUBLIC COMPANY LIMITED,mai,AGRO,-,
81,XPG,XSPRING CAPITAL PUBLIC COMPANY LIMITED,SET,FINCIAL,FIN,
82,YGG,YGGDRAZIL GROUP PUBLIC COMPANY LIMITED,mai,SERVICE,-,
83,YONG,Yong Concrete Public Company Limited,mai,PROPCON,-,
84,YUASA,YUASA BATTERY (THAILAND) PUBLIC COMPANY LIMITED,mai,INDUS,-,
85,ZEN,ZEN CORPORATION GROUP PUBLIC COMPANY LIMITED,SET,AGRO,FOOD,
86,ZIGA,ZIGA INNOVATION PUBLIC COMPANY LIMITED,mai,INDUS,-,
